Word,Emotion,Figurative,Physical,Emotion_sticky,Figurative_sticky,Physical_sticky
Harry,,0,1,,,
had,,0,,,,
never,,0,,,,
believed,,0,,,,
he,,0,,,,
would,,0,,,,
meet,,0,,,,
a,,0,,,,
boy,,0,1,,,
he,,0,,,,
hated,1,0,,,,
more,,0,,,,
than,,0,,,,
"Dudley,",,0,1,,,
but,,0,,,,
that,,0,,,,
was,,0,,,,
before,,0,,,,
he,,0,,,,
met,,0,,,,
Draco,,0,1,,,
Malfoy.,,0,1,,,
"Still,",,0,,,,
first-year,,0,,,,
Gryffindors,,0,1,,,
only,,0,,,,
had,,0,,,,
Potions,,0,1,,,
with,,0,,,,
the,,0,,,,
"Slytherins,",,0,1,,,
so,,0,,,,
they,,0,,,,
didn't,,0,,,,
have,,0,,,,
to,,0,,,,
put,,1,,,,
up,,1,,,,
with,,1,,,,
Malfoy,,1,1,,,
much.,,0,,,,
Or,,0,,,,
at,,0,,,,
"least,",,0,,,,
they,,0,,,,
didn't,,0,,,,
until,,0,,,,
they,,0,,,,
spotted,,0,,,,
a,,0,,,,
notice,,0,1,,,
pinned,,0,,,,
up,,0,,,,
in,,0,,,,
the,,0,,,,
Gryffindor,,0,1,,,
common,,0,1,,,
room,,0,1,,,
that,,0,,,,
made,,0,,,,
them,,0,,,,
all,,0,,,,
groan.,1,0,,,,
Flying,,0,,,,
lessons,,0,,,,
would,,0,,,,
be,,0,,,,
starting,,0,,,,
on,,0,,,,
Thursday,,0,,,,
--,,0,,,,
and,,0,,,,
Gryffindor,,0,1,,,
and,,0,,,,
Slytherin,,0,1,,,
would,,0,,,,
be,,0,,,,
learning,,0,,,,
together.,,0,,,,
,,0,,,,
"""Typical,""",,0,,,,
said,,0,,,,
Harry,,0,1,,,
darkly.,1,1,,,,
"""Just",,0,,,,
what,,0,,,,
I,,0,,,,
always,,0,,,,
wanted.,,0,,,,
To,,0,,,,
make,,0,,,,
a,,0,,,,
fool,,0,,,,
of,,0,,,,
myself,,0,,,,
on,,0,,,,
a,,0,,,,
broomstick,,0,1,,,
in,,0,,,,
front,,0,,,,
of,,0,,,,
"Malfoy.""",,0,1,,,
,,0,,,,
He,,0,,,,
had,,0,,,,
been,,0,,,,
looking,1,1,,,,
forward,1,1,,,,
to,,0,,,,
learning,,0,,,,
to,,0,,,,
fly,,0,,,,
more,,0,,,,
than,,0,,,,
anything,,0,,,,
else.,,0,,,,
"""You",,0,,,,
don't,,0,,,,
know,,0,,,,
that,,0,,,,
you'll,,0,,,,
make,,0,,,,
a,,0,,,,
fool,,0,,,,
of,,0,,,,
"yourself,""",,0,,,,
said,,0,,,,
Ron,,0,1,,,
reasonably.,,0,,,,
"""Anyway,",,0,,,,
I,,0,,,,
know,,0,,,,
Malfoy's,,0,1,,,
always,,0,,,,
going,,1,,,,
on,,1,,,,
about,,0,,,,
how,,0,,,,
good,,0,,,,
he,,0,,,,
is,,0,,,,
at,,0,,,,
"Quidditch,",,0,,,,
but,,0,,,,
I,,0,,,,
bet,,0,,,,
that's,,0,,,,
all,,0,,,,
"talk.""",,0,,,,
,,0,,,,
Malfoy,,0,1,,,
certainly,,0,,,,
did,,0,,,,
talk,,0,,,,
about,,0,,,,
flying,,0,,,,
a,,0,,,,
lot.,,0,,,,
He,,0,,,,
complained,1,0,,,,
loudly,1,0,,,,
about,,0,,,,
first,,0,,,,
years,,0,,,,
never,,0,,,,
getting,,0,,,,
on,,0,,,,
the,,0,,,,
House,,0,,,,
Quidditch,,0,,,,
teams,,0,,,,
and,,0,,,,
told,,0,,,,
"long,",,0,,,,
boastful,1,0,,,,
stories,,0,,,,
that,,0,,,,
always,,0,,,,
seemed,,0,,,,
to,,0,,,,
end,,0,,,,
with,,0,,,,
him,,0,,,,
narrowly,,0,,,,
escaping,,0,,,,
Muggles,,0,1,,,
in,,0,,,,
helicopters.,,0,1,,,
He,,0,,,,
wasn't,,0,,,,
the,,0,,,,
only,,0,,,,
"one,",,0,,,,
though:,,0,,,,
the,,0,,,,
way,,0,,,,
Seamus,,0,1,,,
Finnigan,,0,1,,,
told,,0,,,,
"it,",,0,,,,
he'd,,0,,,,
spent,,0,,,,
most,,0,,,,
of,,0,,,,
his,,0,,,,
childhood,,0,,,,
zooming,,0,,,,
around,,0,,,,
the,,0,,,,
countryside,,0,1,,,
on,,0,,,,
his,,0,,,,
broomstick.,,0,1,,,
Even,,0,,,,
Ron,,0,1,,,
would,,0,,,,
tell,,0,,,,
anyone,,0,,,,
who'd,,0,,,,
listen,,0,,,,
about,,0,,,,
the,,0,,,,
time,,0,,,,
he'd,,0,,,,
almost,,0,,,,
hit,,0,,,,
a,,0,,,,
hang,,0,1,,,
glider,,0,1,,,
on,,0,,,,
Charlie's,,0,1,,,
old,,0,,,,
broom.,,0,1,,,
Everyone,,0,,,,
from,,0,,,,
wizarding,,0,,,,
families,,0,1,,,
talked,,0,,,,
about,,0,,,,
Quidditch,,0,,,,
constantly.,,0,,,,
Ron,,0,1,,,
had,,0,,,,
already,,0,,,,
had,,0,,,,
a,,0,,,,
big,,0,,,,
argument,,0,,,,
with,,0,,,,
Dean,,0,1,,,
"Thomas,",,0,1,,,
who,,0,,,,
shared,,0,,,,
their,,0,,,,
"dormitory,",,0,1,,,
about,,0,,,,
soccer.,,0,,,,
Ron,,0,1,,,
couldn't,,0,,,,
see,,1,,,,
what,,0,,,,
was,,0,,,,
exciting,1,0,,,,
about,,0,,,,
a,,0,,,,
game,,0,,,,
with,,0,,,,
only,,0,,,,
one,,0,,,,
ball,,0,1,,,
where,,0,,,,
no,,0,,,,
one,,0,,,,
was,,0,,,,
allowed,,0,,,,
to,,0,,,,
fly.,,0,,,,
Harry,,0,1,,,
had,,0,,,,
caught,,0,,,,
Ron,,0,1,,,
prodding,,0,,,,
Dean's,,0,1,,,
poster,,0,1,,,
of,,0,,,,
West,,0,,,,
Ham,,0,,,,
soccer,,0,,,,
"team,",,0,1,,,
trying,,0,,,,
to,,0,,,,
make,,0,,,,
the,,0,,,,
players,,0,1,,,
move.,,0,,,,
,,0,,,,
Neville,,0,1,,,
had,,0,,,,
never,,0,,,,
been,,0,,,,
on,,0,,,,
a,,0,,,,
broomstick,,0,1,,,
in,,0,,,,
his,,0,,,,
"life,",,0,,,,
because,,0,,,,
his,,0,,,,
grandmother,,0,1,,,
had,,0,,,,
never,,1,,,,
let,,1,,,,
him,,1,,,,
near,,1,,,,
one.,,1,,,,
"Privately,",,0,,,,
Harry,,0,1,,,
felt,,0,,,,
she'd,,0,,,,
had,,0,,,,
good,,0,,,,
"reason,",,0,,,,
because,,0,,,,
Neville,,0,1,,,
managed,,0,,,,
to,,0,,,,
have,,0,,,,
an,,0,,,,
extraordinary,,0,,,,
number,,0,,,,
of,,0,,,,
accidents,,0,,,,
even,,0,,,,
with,,1,,,,
both,,1,,,,
feet,,1,1,,,
on,,1,,,,
the,,1,,,,
ground.,,1,1,,,
,,0,,,,
Hermione,,0,1,,,
Granger,,0,1,,,
was,,0,,,,
almost,,0,,,,
as,,0,,,,
nervous,1,0,,,,
about,,0,,,,
flying,,0,,,,
as,,0,,,,
Neville,,0,1,,,
was.,,0,,,,
This,,0,,,,
was,,0,,,,
something,,0,,,,
you,,0,,,,
couldn't,,0,,,,
learn,,1,,,,
by,,1,,,,
heart,,1,,,,
out,,0,,,,
of,,0,,,,
a,,0,,,,
book,,0,1,,,
--,,0,,,,
not,,0,,,,
that,,0,,,,
she,,0,,,,
hadn't,,0,,,,
tried.,,0,,,,
At,,0,,,,
breakfast,,0,,,,
on,,0,,,,
Thursday,,0,,,,
she,,0,,,,
bored,1,1,,,,
them,,1,,,,
all,,1,,,,
stupid,,1,,,,
with,,0,,,,
flying,,0,,,,
tips,,0,,,,
she'd,,0,,,,
gotten,,0,,,,
out,,0,,,,
of,,0,,,,
a,,0,,,,
library,,0,1,,,
book,,0,1,,,
called,,0,,,,
Quidditch,,0,,,,
Through,,0,,,,
the,,0,,,,
Ages.,,0,,,,
Neville,,0,1,,,
was,,0,,,,
hanging,,1,,,,
on,,1,,,,
to,,1,,,,
her,,1,,,,
every,,1,,,,
"word,",,1,,,,
desperate,1,0,,,,
for,,0,,,,
anything,,0,,,,
that,,0,,,,
might,,0,,,,
help,,0,,,,
him,,0,,,,
hang,,0,,,,
on,,0,,,,
to,,0,,,,
his,,0,,,,
broomstick,,0,1,,,
"later,",,0,,,,
but,,0,,,,
everybody,,0,1,,,
else,,0,,,,
was,,0,,,,
very,,0,,,,
pleased,1,0,,,,
when,,0,,,,
Hermione's,,0,1,,,
lecture,,0,,,,
was,,0,,,,
interrupted,,0,,,,
by,,0,,,,
the,,0,,,,
arrival,,0,,,,
of,,0,,,,
the,,0,,,,
mail.,,0,1,,,
,,0,,,,
Harry,,0,1,,,
hadn't,,0,,,,
had,,0,,,,
a,,0,,,,
single,,0,,,,
letter,,0,1,,,
since,,0,,,,
Hagrid's,,0,1,,,
"note,",,0,1,,,
something,,0,,,,
that,,0,,,,
Malfoy,,0,1,,,
had,,0,,,,
been,,0,,,,
quick,,0,,,,
to,,0,,,,
"notice,",,0,,,,
of,,0,,,,
course.,,0,,,,
Malfoy's,,0,1,,,
eagle,,0,1,,,
owl,,0,1,,,
was,,0,,,,
always,,0,,,,
bringing,,0,,,,
him,,0,,,,
packages,,0,1,,,
of,,0,,,,
sweets,,0,1,,,
from,,0,,,,
"home,",,0,1,,,
which,,0,,,,
he,,0,,,,
opened,,0,,,,
gloatingly,1,0,,,,
at,,0,,,,
the,,0,,,,
Slytherin,,0,1,,,
table.,,0,1,,,
,,0,,,,
A,,0,,,,
barn,,0,1,,,
owl,,0,1,,,
brought,,0,,,,
Neville,,0,1,,,
a,,0,,,,
small,,0,,,,
package,,0,1,,,
from,,0,,,,
his,,0,,,,
grandmother.,,0,1,,,
He,,0,,,,
opened,,0,,,,
it,,0,,,,
excitedly,1,0,,,,
and,,0,,,,
showed,,0,,,,
them,,0,,,,
a,,0,,,,
glass,,0,1,,,
ball,,0,1,,,
the,,0,,,,
size,,0,,,,
of,,0,,,,
a,,0,,,,
large,,0,,,,
"marble,",,0,1,,,
which,,0,,,,
seemed,,0,,,,
to,,0,,,,
be,,0,,,,
full,,0,,,,
of,,0,,,,
white,,0,,,,
smoke.,,0,1,,,
,,0,,,,
"""It's",,0,,,,
a,,0,,,,
"Remembrall!""",,0,1,,,
he,,0,,,,
explained.,,0,,,,
"""Gran",,0,1,,,
knows,,0,,,,
I,,0,,,,
forget,,0,,,,
things,,0,,,,
--,,0,,,,
this,,0,,,,
tells,,0,,,,
you,,0,,,,
if,,0,,,,
there's,,0,,,,
something,,0,,,,
you've,,0,,,,
forgotten,,0,,,,
to,,0,,,,
do.,,0,,,,
"Look,",,0,,,,
you,,0,,,,
hold,,0,,,,
it,,0,,,,
tight,,0,,,,
like,,0,,,,
this,,0,,,,
and,,0,,,,
if,,0,,,,
it,,0,,,,
turns,,0,,,,
red,,0,,,,
--,,0,,,,
oh,,0,,,,
"...""",,0,,,,
His,,1,,,,
face,,1,1,,,
"fell,",,1,,,,
because,,0,,,,
the,,0,,,,
Remembrall,,0,1,,,
had,,0,,,,
suddenly,,0,,,,
glowed,,0,,,,
"scarlet,",,0,,,,
"""...",,0,,,,
you've,,0,,,,
forgotten,,0,,,,
something,,0,,,,
"...""",,0,,,,
,,0,,,,
Neville,,0,1,,,
was,,0,,,,
trying,,0,,,,
to,,0,,,,
remember,,0,,,,
what,,0,,,,
he'd,,0,,,,
forgotten,,0,,,,
when,,0,,,,
Draco,,0,1,,,
"Malfoy,",,0,1,,,
who,,0,,,,
was,,0,,,,
passing,,0,,,,
the,,0,,,,
Gryffindor,,0,1,,,
"table,",,0,,,,
snatched,,0,,,,
the,,0,,,,
Remembrall,,0,1,,,
out,,0,,,,
of,,0,,,,
his,,0,,,,
hand.,,0,1,,,
,,0,,,,
Harry,,0,1,,,
and,,0,,,,
Ron,,0,1,,,
jumped,,1,,,,
to,,1,,,,
their,,1,,,,
feet.,,1,1,,,
They,,0,,,,
were,,0,,,,
half,,0,,,,
hoping,1,0,,,,
for,,0,,,,
a,,0,,,,
reason,,0,,,,
to,,0,,,,
fight,,0,,,,
"Malfoy,",,0,1,,,
but,,0,,,,
Professor,,0,1,,,
"McGonagall,",,0,1,,,
who,,0,,,,
could,,0,,,,
spot,,0,,,,
trouble,,0,,,,
quicker,,0,,,,
than,,0,,,,
any,,0,,,,
teacher,,0,1,,,
in,,0,,,,
the,,0,,,,
"school,",,0,1,,,
was,,1,,,,
there,,1,,,,
in,,1,,,,
a,,1,,,,
flash.,,1,,,,
,,0,,,,
"""What's",,0,,,,
going,,0,,,,
"on?""",,0,,,,
,,0,,,,
"""Malfoy's",,0,1,,,
got,,0,,,,
my,,0,,,,
"Remembrall,",,0,1,,,
"Professor.""",,0,1,,,
,,0,,,,
"Scowling,",1,0,,,,
Malfoy,,0,1,,,
quickly,,0,,,,
dropped,,0,,,,
the,,0,,,,
Remembrall,,0,1,,,
back,,0,,,,
on,,0,,,,
the,,0,,,,
table.,,0,,,,
,,0,,,,
"""Just",,0,,,,
"looking,""",,0,,,,
he,,0,,,,
"said,",,0,,,,
and,,0,,,,
he,,0,,,,
sloped,,0,,,,
away,,0,,,,
with,,0,,,,
Crabbe,,0,1,,,
and,,0,,,,
Goyle,,0,1,,,
behind,,0,,,,
him.,,0,,,,
,,0,,,,
,,0,,,,
At,,0,,,,
three-thirty,,0,,,,
that,,0,,,,
"afternoon,",,0,,,,
"Harry,",,0,1,,,
"Ron,",,0,1,,,
and,,0,,,,
the,,0,,,,
other,,0,,,,
Gryffindors,,0,1,,,
hurried,,0,,,,
down,,0,,,,
the,,0,,,,
front,,0,,,,
steps,,0,1,,,
onto,,0,,,,
the,,0,,,,
grounds,,0,1,,,
for,,0,,,,
their,,0,,,,
first,,0,,,,
flying,,0,,,,
lesson.,,0,,,,
It,,0,,,,
was,,0,,,,
a,,0,,,,
"clear,",,0,,,,
breezy,,0,,,,
"day,",,0,,,,
and,,0,,,,
the,,0,,,,
grass,,0,1,,,
rippled,,0,,,,
under,,0,,,,
their,,0,,,,
feet,,0,1,,,
as,,0,,,,
they,,0,,,,
marched,,0,,,,
down,,0,,,,
the,,0,,,,
sloping,,0,,,,
lawns,,0,1,,,
toward,,0,,,,
a,,0,,,,
"smooth,",,0,,,,
flat,,0,,,,
lawn,,0,1,,,
on,,0,,,,
the,,0,,,,
opposite,,0,,,,
side,,0,,,,
of,,0,,,,
the,,0,,,,
grounds,,0,1,,,
to,,0,,,,
the,,0,,,,
forbidden,,0,,,,
"forest,",,0,1,,,
whose,,0,,,,
trees,,0,1,,,
were,,0,,,,
swaying,,0,,,,
darkly,,0,,,,
in,,0,,,,
the,,0,,,,
distance.,,0,,,,
,,0,,,,
The,,0,,,,
Slytherins,,0,1,,,
were,,0,,,,
already,,0,,,,
"there,",,0,,,,
and,,0,,,,
so,,0,,,,
were,,0,,,,
twenty,,0,,,,
broomsticks,,0,1,,,
lying,,0,,,,
in,,0,,,,
neat,,0,,,,
lines,,0,,,,
on,,0,,,,
the,,0,,,,
ground.,,0,1,,,
Harry,,0,1,,,
had,,0,,,,
heard,,0,,,,
Fred,,0,1,,,
and,,0,,,,
George,,0,1,,,
Weasley,,0,1,,,
complain,1,0,,,,
about,,0,,,,
the,,0,,,,
school,,0,,,,
"brooms,",,0,1,,,
saying,,0,,,,
that,,0,,,,
some,,0,,,,
of,,0,,,,
them,,0,,,,
started,,0,,,,
to,,0,,,,
vibrate,,0,,,,
if,,0,,,,
you,,0,,,,
flew,,0,,,,
too,,0,,,,
"high,",,0,,,,
or,,0,,,,
always,,0,,,,
flew,,0,,,,
slightly,,0,,,,
to,,0,,,,
the,,0,,,,
left.,,0,,,,
,,0,,,,
Their,,0,,,,
"teacher,",,0,1,,,
Madam,,0,1,,,
"Hooch,",,0,1,,,
arrived.,,0,,,,
She,,0,,,,
had,,0,,,,
"short,",,0,,,,
gray,,0,,,,
"hair,",,0,1,,,
and,,0,,,,
yellow,,0,,,,
eyes,,0,1,,,
like,,0,,,,
a,,0,,,,
hawk.,,0,1,,,
,,0,,,,
"""Well,",,0,,,,
what,,0,,,,
are,,0,,,,
you,,0,,,,
all,,0,,,,
waiting,,0,,,,
"for?""",,0,,,,
she,,1,,,,
barked.,,1,,,,
"""Everyone",,0,1,,,
stand,,0,,,,
by,,0,,,,
a,,0,,,,
broomstick.,,0,1,,,
Come,,0,,,,
"on,",,0,,,,
hurry,,0,,,,
"up.""",,0,,,,
,,0,,,,
Harry,,0,1,,,
glanced,,0,,,,
down,,0,,,,
at,,0,,,,
his,,0,,,,
broom.,,0,1,,,
It,,0,,,,
was,,0,,,,
old,,0,,,,
and,,0,,,,
some,,0,,,,
of,,0,,,,
the,,0,,,,
twigs,,0,1,,,
stuck,,0,,,,
out,,0,,,,
at,,0,,,,
odd,,0,,,,
angles.,,0,,,,
,,0,,,,
"""Stick",,0,,,,
out,,0,,,,
your,,0,,,,
right,,0,,,,
hand,,0,1,,,
over,,0,,,,
your,,0,,,,
"broom,""",,0,1,,,
called,,0,,,,
Madam,,0,1,,,
Hooch,,0,1,,,
at,,0,,,,
the,,0,,,,
"front,",,0,,,,
"""and",,0,,,,
say,,0,,,,
"Up!'""",,0,,,,
,,0,,,,
"""UP!""",,0,,,,
everyone,,0,,,,
shouted.,,0,,,,
,,0,,,,
Harry's,,0,1,,,
broom,,0,1,,,
jumped,,0,,,,
into,,0,,,,
his,,0,,,,
hand,,0,1,,,
at,,0,,,,
"once,",,0,,,,
but,,0,,,,
it,,0,,,,
was,,0,,,,
one,,0,,,,
of,,0,,,,
the,,0,,,,
few,,0,,,,
that,,0,,,,
did.,,0,,,,
Hermione,,0,1,,,
Granger's,,0,1,,,
had,,0,,,,
simply,,0,,,,
rolled,,0,,,,
over,,0,,,,
on,,0,,,,
the,,0,,,,
"ground,",,0,1,,,
and,,0,,,,
Neville's,,0,1,,,
hadn't,,0,,,,
moved,,0,,,,
at,,0,,,,
all.,,0,,,,
Perhaps,,0,,,,
"brooms,",,0,1,,,
like,,0,,,,
"horses,",,0,1,,,
could,,0,,,,
tell,,0,,,,
when,,0,,,,
you,,0,,,,
were,,0,,,,
"afraid,",1,0,,,,
thought,,0,,,,
Harry;,,0,1,,,
there,,0,,,,
was,,0,,,,
a,,0,,,,
quaver,,0,,,,
in,,0,,,,
Neville's,,0,1,,,
voice,,0,,,,
that,,0,,,,
said,,0,,,,
only,,0,,,,
too,,0,,,,
clearly,,0,,,,
that,,0,,,,
he,,0,,,,
wanted,,0,,,,
to,,0,,,,
keep,,1,,,,
his,,1,,,,
feet,,1,1,,,
on,,1,,,,
the,,1,,,,
ground.,,1,1,,,
,,0,,,,
Madam,,0,1,,,
Hooch,,0,1,,,
then,,0,,,,
showed,,0,,,,
them,,0,,,,
how,,0,,,,
to,,0,,,,
mount,,0,,,,
their,,0,,,,
brooms,,0,1,,,
without,,0,,,,
sliding,,0,,,,
off,,0,,,,
the,,0,,,,
"end,",,0,1,,,
and,,0,,,,
walked,,1,,,,
up,,1,,,,
and,,1,,,,
down,,1,,,,
the,,1,,,,
rows,,1,1,,,
correcting,,0,,,,
their,,0,,,,
grips.,,0,1,,,
Harry,,0,1,,,
and,,0,,,,
Ron,,0,1,,,
were,,0,,,,
delighted,1,0,,,,
when,,0,,,,
she,,0,,,,
told,,0,,,,
Malfoy,,0,1,,,
he'd,,0,,,,
been,,0,,,,
doing,,0,,,,
it,,0,,,,
wrong,,0,,,,
for,,0,,,,
years.,,0,,,,
,,0,,,,
"""Now,",,0,,,,
when,,0,,,,
I,,0,,,,
blow,,0,,,,
my,,0,,,,
"whistle,",,0,1,,,
you,,0,,,,
kick,,0,,,,
off,,0,,,,
from,,0,,,,
the,,0,,,,
"ground,",,0,1,,,
"hard,""",,0,,,,
said,,0,,,,
Madam,,0,1,,,
Hooch.,,0,1,,,
"""Keep",,0,,,,
your,,0,,,,
brooms,,0,1,,,
"steady,",,0,,,,
rise,,0,,,,
a,,0,,,,
few,,0,,,,
"feet,",,0,,,,
and,,0,,,,
then,,0,,,,
come,,0,,,,
straight,,0,,,,
back,,0,,,,
down,,0,,,,
by,,0,,,,
leaning,,0,,,,
forward,,0,,,,
slightly.,,0,,,,
On,,0,,,,
my,,0,,,,
whistle,,0,1,,,
--,,0,,,,
three,,0,,,,
--,,0,,,,
two,,0,,,,
"--""",,0,,,,
,,0,,,,
But,,0,,,,
"Neville,",,0,1,,,
nervous,1,0,,,,
and,,0,,,,
jumpy,1,0,,,,
and,,0,,,,
frightened,1,0,,,,
of,,0,,,,
being,,0,,,,
left,,0,,,,
on,,0,,,,
the,,0,,,,
"ground,",,0,1,,,
pushed,,0,,,,
off,,0,,,,
hard,,0,,,,
before,,0,,,,
the,,0,,,,
whistle,,0,1,,,
had,,0,,,,
touched,,0,,,,
Madam,,0,1,,,
Hooch's,,0,1,,,
lips.,,0,1,,,
,,0,,,,
"""Come",,0,,,,
"back,",,0,,,,
"boy!""",,0,1,,,
she,,0,,,,
"shouted,",,0,,,,
but,,0,,,,
Neville,,0,1,,,
was,,0,,,,
rising,,1,,,,
straight,,1,,,,
up,,1,,,,
like,,1,,,,
a,,1,,,,
cork,,1,1,,,
shot,,1,,,,
out,,1,,,,
of,,1,,,,
a,,1,,,,
bottle,,1,1,,,
--,,0,,,,
twelve,,0,,,,
feet,,0,,,,
--,,0,,,,
twenty,,0,,,,
feet.,,0,,,,
Harry,,0,1,,,
saw,,0,,,,
his,,0,,,,
scared,1,1,,,,
white,,1,,,,
face,,1,1,,,
look,,0,,,,
down,,0,,,,
at,,0,,,,
the,,0,,,,
ground,,0,1,,,
falling,,0,,,,
"away,",,0,,,,
saw,,0,,,,
him,,0,,,,
"gasp,",1,0,,,,
slip,,0,,,,
sideways,,0,,,,
off,,0,,,,
the,,0,,,,
broom,,0,1,,,
and,,0,,,,
--,,0,,,,
,,0,,,,
WHAM,,0,,,,
--,,0,,,,
a,,0,,,,
thud,,0,,,,
and,,0,,,,
a,,0,,,,
nasty,,0,,,,
crack,,0,,,,
and,,0,,,,
Neville,,0,1,,,
lay,,0,,,,
facedown,,0,,,,
on,,0,,,,
the,,0,,,,
grass,,0,1,,,
in,,0,,,,
a,,0,,,,
heap.,,0,1,,,
His,,0,,,,
broomstick,,0,1,,,
was,,0,,,,
still,,0,,,,
rising,,0,,,,
higher,,0,,,,
and,,0,,,,
"higher,",,0,,,,
and,,0,,,,
started,,0,,,,
to,,0,,,,
drift,,0,,,,
lazily,,1,,,,
toward,,0,,,,
the,,0,,,,
forbidden,,0,,,,
forest,,0,1,,,
and,,0,,,,
out,,1,,,,
of,,1,,,,
sight.,,1,,,,
,,0,,,,
Madam,,0,1,,,
Hooch,,0,1,,,
was,,0,,,,
bending,,0,,,,
over,,0,,,,
"Neville,",,0,1,,,
her,,0,,,,
face,,0,1,,,
as,,0,,,,
white,,0,,,,
as,,0,,,,
his.,,0,,,,
"""Broken",,0,,,,
"wrist,""",,0,1,,,
Harry,,0,1,,,
heard,,0,,,,
her,,0,,,,
mutter.,,0,,,,
"""Come",,0,,,,
"on,",,0,,,,
boy,,0,1,,,
--,,0,,,,
it's,,0,,,,
all,,0,,,,
"right,",,0,,,,
up,,0,,,,
you,,0,,,,
"get.""",,0,,,,
,,0,,,,
She,,0,,,,
turned,,0,,,,
to,,0,,,,
the,,0,,,,
rest,,0,,,,
of,,0,,,,
the,,0,,,,
class.,,0,1,,,
"""None",,0,,,,
of,,0,,,,
you,,0,,,,
is,,0,,,,
to,,0,,,,
move,,0,,,,
while,,0,,,,
I,,0,,,,
take,,0,,,,
this,,0,,,,
boy,,0,1,,,
to,,0,,,,
the,,0,,,,
hospital,,0,1,,,
wing!,,0,1,,,
You,,0,,,,
leave,,0,,,,
those,,0,,,,
brooms,,0,1,,,
where,,0,,,,
they,,0,,,,
are,,0,,,,
or,,0,,,,
you'll,,0,,,,
be,,0,,,,
out,,0,,,,
of,,0,,,,
Hogwarts,,0,1,,,
before,,0,,,,
you,,0,,,,
can,,0,,,,
say,,0,,,,
Quidditch.',,0,,,,
Come,,0,,,,
"on,",,0,,,,
"dear.""",,0,1,,,
,,0,,,,
"Neville,",,0,1,,,
his,,0,,,,
face,,0,1,,,
"tear-streaked,",1,0,,,,
clutching,,0,,,,
his,,0,,,,
"wrist,",,0,1,,,
hobbled,,0,,,,
off,,0,,,,
with,,0,,,,
Madam,,0,1,,,
"Hooch,",,0,1,,,
who,,0,,,,
had,,0,,,,
her,,0,,,,
arm,,0,1,,,
around,,0,,,,
him.,,0,,,,
,,0,,,,
No,,0,,,,
sooner,,0,,,,
were,,0,,,,
they,,0,,,,
out,,1,,,,
of,,1,,,,
earshot,,1,,,,
than,,0,,,,
Malfoy,,0,1,,,
burst,,1,,,,
into,,1,,,,
laughter.,1,1,,,,
,,0,,,,
"""Did",,0,,,,
you,,0,,,,
see,,0,,,,
his,,0,,,,
"face,",,0,1,,,
the,,0,,,,
great,,0,,,,
"lump?""",,0,1,,,
,,0,,,,
The,,0,,,,
other,,0,,,,
Slytherins,,0,1,,,
joined,,1,,,,
in.,,1,,,,
,,0,,,,
"""Shut",,0,,,,
"up,",,0,,,,
"Malfoy,""",,0,1,,,
snapped,1,1,,,,
Parvati,,1,1,,,
Patil.,,1,1,,,
,,0,,,,
"""Ooh,",,0,,,,
sticking,,1,,,,
up,,1,,,,
for,,1,,,,
"Longbottom?""",,1,1,,,
said,,0,,,,
Pansy,,0,1,,,
"Parkinson,",,0,1,,,
a,,0,,,,
hard-faced,,0,,,,
Slytherin,,0,1,,,
girl.,,0,,,,
"""Never",,0,,,,
thought,,0,,,,
you'd,,0,,,,
like,,0,,,,
fat,,1,,,,
little,,1,,,,
"crybabies,",1,1,1,,,
"Parvati.""",,0,1,,,
,,0,,,,
"""Look!""",,0,,,,
said,,0,,,,
"Malfoy,",,0,1,,,
darting,,1,,,,
forward,,1,,,,
and,,0,,,,
snatching,,0,,,,
something,,0,,,,
out,,0,,,,
of,,0,,,,
the,,0,,,,
grass.,,0,1,,,
"""It's",,0,,,,
that,,0,,,,
stupid,,0,,,,
thing,,0,1,,,
Longbottom's,,0,1,,,
gran,,0,1,,,
sent,,0,,,,
"him.""",,0,,,,
,,0,,,,
The,,0,,,,
Remembrall,,0,1,,,
glittered,,0,,,,
in,,0,,,,
the,,0,,,,
sun,,0,1,,,
as,,0,,,,
he,,0,,,,
held,,0,,,,
it,,0,,,,
up.,,0,,,,
,,0,,,,
"""Give",,0,,,,
that,,0,,,,
"here,",,0,,,,
"Malfoy,""",,0,1,,,
said,,0,,,,
Harry,,0,1,,,
quietly.,,0,,,,
Everyone,,0,1,,,
stopped,,0,,,,
talking,,0,,,,
to,,0,,,,
watch.,,0,,,,
,,0,,,,
Malfoy,,0,1,,,
smiled,1,0,,,,
nastily.,1,1,,,,
"""I",,0,,,,
think,,0,,,,
I'll,,0,,,,
leave,,0,,,,
it,,0,,,,
somewhere,,0,,,,
for,,0,,,,
Longbottom,,0,1,,,
to,,0,,,,
find,,0,,,,
--,,0,,,,
how,,0,,,,
about,,0,,,,
--,,0,,,,
up,,0,,,,
a,,0,,,,
"tree?""",,0,1,,,
,,0,,,,
"""Give",,0,,,,
it,,0,,,,
"here!""",,0,,,,
Harry,,0,1,,,
"yelled,",,0,,,,
but,,0,,,,
Malfoy,,0,1,,,
had,,0,,,,
leapt,,0,,,,
onto,,0,,,,
his,,0,,,,
broomstick,,0,1,,,
and,,0,,,,
taken,,0,,,,
off.,,0,,,,
He,,0,,,,
hadn't,,0,,,,
been,,0,,,,
"lying,",,0,,,,
he,,0,,,,
could,,0,,,,
fly,,0,,,,
well.,,0,,,,
Hovering,,0,,,,
level,,0,,,,
with,,0,,,,
the,,0,,,,
topmost,,0,,,,
branches,,0,1,,,
of,,0,,,,
an,,0,,,,
oak,,0,1,,,
he,,0,,,,
"called,",,0,,,,
"""Come",,0,,,,
and,,0,,,,
get,,0,,,,
"it,",,0,,,,
"Potter!""",,0,1,,,
,,0,,,,
Harry,,0,1,,,
grabbed,,0,,,,
his,,0,,,,
broom.,,0,1,,,
,,0,,,,
"""No!""",,0,,,,
shouted,,0,,,,
Hermione,,0,1,,,
Granger.,,0,1,,,
"""Madam",,0,1,,,
Hooch,,0,1,,,
told,,0,,,,
us,,0,,,,
not,,0,,,,
to,,0,,,,
move,,0,,,,
--,,0,,,,
you'll,,0,,,,
get,,0,,,,
us,,0,,,,
all,,0,,,,
into,,0,,,,
"trouble.""",,0,,,,
,,0,,,,
Harry,,0,1,,,
ignored,,0,,,,
her.,,0,,,,
Blood,1,1,1,,,
was,1,1,,,,
pounding,1,1,,,,
in,,1,,,,
his,,1,,,,
ears.,,1,1,,,
He,,0,,,,
mounted,,0,,,,
the,,0,,,,
broom,,0,1,,,
and,,0,,,,
kicked,,0,,,,
hard,,0,,,,
against,,0,,,,
the,,0,,,,
ground,,0,1,,,
and,,0,,,,
"up,",,0,,,,
up,,0,,,,
he,,0,,,,
soared;,,0,,,,
air,,0,,,,
rushed,,0,,,,
through,,0,,,,
his,,0,,,,
"hair,",,0,1,,,
and,,0,,,,
his,,0,,,,
robes,,0,1,,,
whipped,,0,,,,
out,,0,,,,
behind,,0,,,,
him,,0,,,,
--,,0,,,,
and,,0,,,,
in,,0,,,,
a,,1,,,,
rush,1,1,,,,
of,1,1,,,,
fierce,1,1,,,,
joy,1,1,,,,
he,,0,,,,
realized,,0,,,,
he'd,,0,,,,
found,,0,,,,
something,,0,,,,
he,,0,,,,
could,,0,,,,
do,,0,,,,
without,,0,,,,
being,,0,,,,
taught,,0,,,,
--,,0,,,,
this,,0,,,,
was,,0,,,,
"easy,",1,0,,,,
this,,0,,,,
was,,0,,,,
wonderful.,1,0,,,,
He,,0,,,,
pulled,,0,,,,
his,,0,,,,
broomstick,,0,1,,,
up,,0,,,,
a,,0,,,,
little,,0,,,,
to,,0,,,,
take,,0,,,,
it,,0,,,,
even,,0,,,,
"higher,",,0,,,,
and,,0,,,,
heard,,0,,,,
screams,1,0,,,,
and,,0,,,,
gasps,1,0,,,,
of,,0,,,,
girls,,0,1,,,
back,,0,,,,
on,,0,,,,
the,,0,,,,
ground,,0,,,,
and,,0,,,,
an,,0,,,,
admiring,1,0,,,,
whoop,1,0,,,,
from,,0,,,,
Ron.,,0,1,,,
,,0,,,,
He,,0,,,,
turned,,0,,,,
his,,0,,,,
broomstick,,0,1,,,
sharply,,0,,,,
to,,0,,,,
face,,0,,,,
Malfoy,,0,1,,,
in,,0,,,,
midair.,,0,,,,
,,0,,,,
Malfoy,,0,1,,,
looked,,0,,,,
stunned.,1,0,,,,
"""Give",,0,,,,
it,,0,,,,
"here,""",,0,,,,
Harry,,0,1,,,
"called,",,0,,,,
"""or",,0,,,,
I'll,,0,,,,
knock,,0,,,,
you,,0,,,,
off,,0,,,,
that,,0,,,,
"broom!""",,0,1,,,
,,0,,,,
"""Oh,",,0,,,,
"yeah?""",,0,,,,
said,,0,,,,
"Malfoy,",,0,1,,,
trying,,0,,,,
to,,0,,,,
"sneer,",1,0,,,,
but,,0,,,,
looking,,0,,,,
worried.,1,0,,,,
,,0,,,,
Harry,,0,1,,,
"knew,",,0,,,,
"somehow,",,0,,,,
what,,0,,,,
to,,0,,,,
do.,,0,,,,
He,,0,,,,
leaned,,0,,,,
forward,,0,,,,
and,,0,,,,
grasped,,0,,,,
the,,0,,,,
broom,,0,1,,,
tightly,,0,,,,
in,,0,,,,
both,,0,,,,
"hands,",,0,1,,,
and,,0,,,,
it,,0,,,,
shot,,1,,,,
toward,,1,,,,
Malfoy,,1,1,,,
like,,1,,,,
a,,1,,,,
javelin.,,1,1,,,
Malfoy,,0,1,,,
only,,0,,,,
just,,0,,,,
got,,0,,,,
out,,0,,,,
of,,0,,,,
the,,0,,,,
way,,0,,,,
in,,0,,,,
time;,,0,,,,
Harry,,0,1,,,
made,,0,,,,
a,,0,,,,
sharp,,0,,,,
about-face,1,0,,,,
and,,0,,,,
held,,0,,,,
the,,0,,,,
broom,,0,1,,,
steady.,,0,,,,
A,,0,,,,
few,,0,,,,
people,,0,1,,,
below,,0,,,,
were,,0,,,,
clapping.,,0,,,,
,,0,,,,
"""No",,0,,,,
Crabbe,,0,1,,,
and,,0,,,,
Goyle,,0,1,,,
up,,0,,,,
here,,0,,,,
to,,0,,,,
save,,1,,,,
your,,1,,,,
"neck,",,1,1,,,
"Malfoy,""",,0,1,,,
Harry,,0,1,,,
called.,,0,,,,
,,0,,,,
The,,1,,,,
same,,1,,,,
thought,,1,,,,
seemed,,1,,,,
to,,1,,,,
have,,1,,,,
struck,1,1,,,,
Malfoy.,,1,1,,,
,,0,,,,
"""Catch",,0,,,,
it,,0,,,,
if,,0,,,,
you,,0,,,,
"can,",,0,,,,
"then!""",,0,,,,
he,,0,,,,
"shouted,",,0,,,,
and,,0,,,,
he,,0,,,,
threw,,0,,,,
the,,0,,,,
glass,,0,1,,,
ball,,0,1,,,
high,,0,,,,
into,,0,,,,
the,,0,,,,
air,,0,,,,
and,,0,,,,
streaked,,1,,,,
back,,1,,,,
toward,,1,,,,
the,,1,,,,
ground.,,1,1,,,
,,0,,,,
Harry,,0,,,,
"saw,",,0,,,,
as,,0,,,,
though,,0,,,,
in,,0,,,,
slow,,0,,,,
"motion,",,0,,,,
the,,0,,,,
ball,,0,,,,
rise,,0,,,,
up,,0,,,,
in,,0,,,,
the,,0,,,,
air,,0,,,,
and,,0,,,,
then,,0,,,,
start,,0,,,,
to,,0,,,,
fall.,,0,,,,
He,,0,,,,
leaned,,0,,,,
forward,,0,,,,
and,,0,,,,
pointed,,0,,,,
his,,0,,,,
broom,,0,1,,,
handle,,0,,,,
down,,0,,,,
--,,0,,,,
next,,0,,,,
second,,0,,,,
he,,0,,,,
was,,0,,,,
gathering,,0,,,,
speed,,0,,,,
in,,0,,,,
a,,0,,,,
steep,,1,,,,
"dive,",,1,,,,
racing,,1,,,,
the,,1,,,,
ball,,1,1,,,
--,,0,,,,
wind,,1,,,,
whistled,,1,,,,
in,,1,,,,
his,,1,,,,
"ears,",,1,1,,,
mingled,,1,,,,
with,,1,,,,
the,,1,,,,
screams,,1,,,,
of,,1,,,,
people,,1,1,,,
watching,,1,,,,
--,,0,,,,
he,,0,,,,
stretched,,0,,,,
out,,0,,,,
his,,0,,,,
hand,,0,1,,,
--,,0,,,,
a,,0,,,,
foot,,0,,,,
from,,0,,,,
the,,0,,,,
ground,,0,1,,,
he,,0,,,,
caught,,0,,,,
"it,",,0,,,,
just,,0,,,,
in,,0,,,,
time,,0,,,,
to,,0,,,,
pull,,0,,,,
his,,0,,,,
broom,,0,1,,,
"straight,",,0,,,,
and,,0,,,,
he,,0,,,,
toppled,,0,,,,
gently,,0,,,,
onto,,0,,,,
the,,0,,,,
grass,,0,1,,,
with,,0,,,,
the,,0,,,,
Remembrall,,0,1,,,
clutched,,0,,,,
safely,,0,,,,
in,,0,,,,
his,,0,,,,
fist.,,0,1,,,
,,0,,,,
"""HARRY",,0,1,,,
"POTTER!""",,0,1,,,
,,0,,,,
His,,1,,,,
heart,1,1,1,,,
sank,1,1,,,,
faster,,1,,,,
than,,1,,,,
he'd,,1,,,,
just,,1,,,,
dived.,,1,,,,
Professor,,0,1,,,
McGonagall,,0,1,,,
was,,0,,,,
running,,0,,,,
toward,,0,,,,
them.,,0,,,,
He,,1,,,,
got,,1,,,,
to,,1,,,,
his,,1,,,,
"feet,",,1,1,,,
trembling.,1,0,,,,
,,0,,,,
"""Never",,0,,,,
--,,0,,,,
in,,0,,,,
all,,0,,,,
my,,0,,,,
time,,0,,,,
at,,0,,,,
Hogwarts,,0,1,,,
"--""",,0,,,,
Professor,,0,1,,,
McGonagall,,0,1,,,
was,,0,,,,
almost,,0,,,,
speechless,1,0,,,,
with,,0,,,,
"shock,",1,0,,,,
and,,0,,,,
her,,0,,,,
glasses,,1,1,,,
flashed,,1,,,,
"furiously,",1,1,,,,
"""--",,0,,,,
how,,0,,,,
dare,,0,,,,
you,,0,,,,
--,,0,,,,
might,,0,,,,
have,,0,,,,
broken,,0,,,,
your,,0,,,,
neck,,0,1,,,
"--""",,0,,,,
,,0,,,,
"""It",,0,,,,
wasn't,,0,,,,
his,,0,,,,
"fault,",,0,,,,
Professor,,0,1,,,
"--""",,0,,,,
,,0,,,,
"""Be",,0,,,,
"quiet,",,0,,,,
Miss,,0,1,,,
Patil,,0,1,,,
"--""",,0,,,,
,,0,,,,
"""But",,0,,,,
Malfoy,,0,1,,,
"--""",,0,,,,
"""That's",,0,,,,
"enough,",,0,,,,
Mr.,,0,1,,,
Weasley.,,0,1,,,
"Potter,",,0,1,,,
follow,,0,,,,
"me,",,0,,,,
"now.""",,0,,,,
,,0,,,,
Harry,,0,1,,,
caught,,1,,,,
sight,,1,,,,
of,,0,,,,
"Malfoy,",,0,1,,,
"Crabbe,",,0,1,,,
and,,0,,,,
Goyle's,,0,1,,,
triumphant,1,0,,,,
faces,,0,1,,,
as,,0,,,,
he,,0,,,,
"left,",,0,,,,
walking,,0,,,,
numbly,1,0,,,,
in,,0,,,,
Professor,,0,1,,,
McGonagall's,,0,1,,,
wake,,0,,,,
as,,0,,,,
she,,0,,,,
strode,,0,,,,
toward,,0,,,,
the,,0,,,,
castle.,,0,1,,,
He,,0,,,,
was,,0,,,,
going,,0,,,,
to,,0,,,,
be,,0,,,,
"expelled,",,0,,,,
he,,0,,,,
just,,0,,,,
knew,,0,,,,
it.,,0,,,,
He,,0,,,,
wanted,,0,,,,
to,,0,,,,
say,,0,,,,
something,,0,,,,
to,,0,,,,
defend,,0,,,,
"himself,",,0,,,,
but,,0,,,,
there,,1,,,,
seemed,,1,,,,
to,,1,,,,
be,,1,,,,
something,,1,,,,
wrong,,1,,,,
with,,1,,,,
his,,1,,,,
voice.,,1,,,,
Professor,,0,1,,,
McGonagall,,0,1,,,
was,,0,,,,
sweeping,,0,,,,
along,,0,,,,
without,,0,,,,
even,,0,,,,
looking,,0,,,,
at,,0,,,,
him;,,0,,,,
he,,0,,,,
had,,0,,,,
to,,0,,,,
jog,,0,,,,
to,,0,,,,
keep,,0,,,,
up.,,0,,,,
Now,,0,,,,
he'd,,0,,,,
done,,0,,,,
it.,,0,,,,
He,,0,,,,
hadn't,,0,,,,
even,,0,,,,
lasted,,0,,,,
two,,0,,,,
weeks.,,0,,,,
He'd,,0,,,,
be,,0,,,,
packing,,0,,,,
his,,0,,,,
bags,,0,1,,,
in,,0,,,,
ten,,0,,,,
minutes.,,0,,,,
What,,0,,,,
would,,0,,,,
the,,0,,,,
Dursleys,,0,1,,,
say,,0,,,,
when,,0,,,,
he,,1,,,,
turned,,1,,,,
up,,1,,,,
on,,1,,,,
the,,1,,,,
doorstep?,,1,1,,,
,,0,,,,
Up,,0,,,,
the,,0,,,,
front,,0,,,,
"steps,",,0,1,,,
up,,0,,,,
the,,0,,,,
marble,,0,1,,,
staircase,,0,1,,,
"inside,",,0,,,,
and,,0,,,,
still,,0,,,,
Professor,,0,1,,,
McGonagall,,0,1,,,
didn't,,0,,,,
say,,0,,,,
a,,0,,,,
word,,0,,,,
to,,0,,,,
him.,,0,,,,
She,,0,,,,
wrenched,,0,,,,
open,,0,,,,
doors,,0,1,,,
and,,0,,,,
marched,,0,,,,
along,,0,,,,
corridors,,0,1,,,
with,,0,,,,
Harry,,0,1,,,
trotting,,0,,,,
miserably,1,0,,,,
behind,,0,,,,
her.,,0,,,,
Maybe,,0,,,,
she,,0,,,,
was,,0,,,,
taking,,0,,,,
him,,0,,,,
to,,0,,,,
Dumbledore.,,0,1,,,
He,,0,,,,
thought,,0,,,,
of,,0,,,,
"Hagrid,",,0,1,,,
expelled,,0,,,,
but,,0,,,,
allowed,,0,,,,
to,,0,,,,
stay,,0,,,,
on,,0,,,,
as,,0,,,,
gamekeeper.,,0,1,,,
Perhaps,,0,,,,
he,,0,,,,
could,,0,,,,
be,,0,,,,
Hagrid's,,0,1,,,
assistant.,,0,,,,
His,,0,,,,
stomach,1,0,1,,,
twisted,1,0,,,,
as,,0,,,,
he,,0,,,,
imagined,,0,,,,
"it,",,0,,,,
watching,,0,,,,
Ron,,0,1,,,
and,,0,,,,
the,,0,,,,
others,,0,1,,,
becoming,,0,,,,
wizards,,0,1,,,
while,,0,,,,
he,,0,,,,
stumped,,0,,,,
around,,0,,,,
the,,0,,,,
grounds,,0,1,,,
carrying,,0,,,,
Hagrid's,,0,1,,,
bag.,,0,1,,,
,,0,,,,
Professor,,0,1,,,
McGonagall,,0,1,,,
stopped,,0,,,,
outside,,0,,,,
a,,0,,,,
classroom.,,0,1,,,
She,,0,,,,
opened,,0,,,,
the,,0,,,,
door,,0,1,,,
and,,0,,,,
poked,,0,,,,
her,,0,,,,
head,,0,1,,,
inside.,,0,,,,
,,0,,,,
"""Excuse",,0,,,,
"me,",,0,,,,
Professor,,0,1,,,
"Flitwick,",,0,1,,,
could,,0,,,,
I,,0,,,,
borrow,,0,,,,
Wood,,0,1,,,
for,,0,,,,
a,,0,,,,
"moment?""",,0,,,,
,,0,,,,
Wood?,,0,1,,,
thought,,0,,,,
"Harry,",,0,1,,,
bewildered;,1,0,,,,
was,,0,,,,
Wood,,0,1,,,
a,,0,,,,
cane,,0,1,,,
she,,0,,,,
was,,0,,,,
going,,0,,,,
to,,0,,,,
use,,0,,,,
on,,0,,,,
him?,,0,,,,
But,,0,,,,
Wood,,0,1,,,
turned,,0,,,,
out,,0,,,,
to,,0,,,,
be,,0,,,,
a,,0,,,,
"person,",,0,1,,,
a,,0,,,,
burly,,0,,,,
fifth-year,,0,,,,
boy,,0,1,,,
who,,0,,,,
came,,0,,,,
out,,0,,,,
of,,0,,,,
Flitwick's,,0,1,,,
class,,0,1,,,
looking,,0,,,,
confused.,1,0,,,,
,,0,,,,
"""Follow",,0,,,,
"me,",,0,,,,
you,,0,,,,
"two,""",,0,,,,
said,,0,,,,
Professor,,0,1,,,
"McGonagall,",,0,1,,,
and,,0,,,,
they,,0,,,,
marched,,0,,,,
on,,0,,,,
up,,0,,,,
the,,0,,,,
"corridor,",,0,1,,,
Wood,,0,1,,,
looking,,0,,,,
curiously,1,0,,,,
at,,0,,,,
Harry.,,0,1,,,
,,0,,,,
"""In",,0,,,,
"here.""",,0,,,,
,,0,,,,
Professor,,0,1,,,
McGonagall,,0,1,,,
pointed,,0,,,,
them,,0,,,,
into,,0,,,,
a,,0,,,,
classroom,,0,1,,,
that,,0,,,,
was,,0,,,,
empty,,0,,,,
except,,0,,,,
for,,0,,,,
"Peeves,",,0,1,,,
who,,0,,,,
was,,0,,,,
busy,,0,,,,
writing,,0,,,,
rude,,0,,,,
words,,0,,,,
on,,0,,,,
the,,0,,,,
blackboard.,,0,1,,,
,,0,,,,
"""Out,",,0,,,,
"Peeves!""",,0,1,,,
she,,0,,,,
barked.,1,0,,,,
Peeves,,0,1,,,
threw,,0,,,,
the,,0,,,,
chalk,,0,1,,,
into,,0,,,,
a,,0,,,,
"bin,",,0,1,,,
which,,0,,,,
clanged,,0,,,,
"loudly,",,0,,,,
and,,0,,,,
he,,0,,,,
swooped,,1,,,,
out,,0,,,,
cursing.,1,0,,,,
Professor,,0,1,,,
McGonagall,,0,1,,,
slammed,,1,,,,
the,,1,,,,
door,,1,1,,,
behind,,0,,,,
him,,0,,,,
and,,0,,,,
turned,,0,,,,
to,,0,,,,
face,,0,,,,
the,,0,,,,
two,,0,,,,
boys.,,0,1,,,
,,0,,,,
"""Potter,",,0,1,,,
this,,0,,,,
is,,0,,,,
Oliver,,0,1,,,
Wood.,,0,1,,,
Wood,,0,1,,,
--,,0,,,,
I've,,0,,,,
found,,0,,,,
you,,0,,,,
a,,0,,,,
"Seeker.""",,1,1,,,
,,0,,,,
Wood's,,0,1,,,
expression,,0,,,,
changed,,0,,,,
from,,0,,,,
puzzlement,1,0,,,,
to,,0,,,,
delight.,1,0,,,,
,,0,,,,
"""Are",,0,,,,
you,,0,,,,
"serious,",,0,,,,
"Professor?""",,0,1,,,
,,0,,,,
"""Absolutely,""",,0,,,,
said,,0,,,,
Professor,,0,1,,,
McGonagall,,0,1,,,
crisply.,,0,,,,
"""The",,0,,,,
boy's,,0,1,,,
a,,0,,,,
natural.,,1,,,,
I've,,0,,,,
never,,0,,,,
seen,,0,,,,
anything,,0,,,,
like,,0,,,,
it.,,0,,,,
Was,,0,,,,
that,,0,,,,
your,,0,,,,
first,,0,,,,
time,,0,,,,
on,,0,,,,
a,,0,,,,
"broomstick,",,0,1,,,
"Potter?""",,0,1,,,
,,0,,,,
Harry,,0,1,,,
nodded,,0,,,,
silently.,,0,,,,
He,,0,,,,
didn't,,0,,,,
have,,0,,,,
a,,0,,,,
clue,,0,,,,
what,,0,,,,
was,,0,,,,
going,,0,,,,
"on,",,0,,,,
but,,0,,,,
he,,0,,,,
didn't,,0,,,,
seem,,0,,,,
to,,0,,,,
be,,0,,,,
being,,0,,,,
"expelled,",,0,,,,
and,,0,,,,
some,,1,,,,
of,,1,,,,
the,,1,,,,
feeling,1,1,,,,
started,,1,,,,
coming,,1,,,,
back,,1,,,,
to,,1,,,,
his,,1,,,,
legs.,,1,1,,,
,,0,,,,
"""He",,0,,,,
caught,,0,,,,
that,,0,,,,
thing,,0,1,,,
in,,0,,,,
his,,0,,,,
hand,,0,,,,
after,,0,,,,
a,,0,,,,
fifty-foot,,0,,,,
"dive,""",,0,,,,
Professor,,0,1,,,
McGonagall,,0,1,,,
told,,0,,,,
Wood.,,0,1,,,
"""Didn't",,0,,,,
even,,0,,,,
scratch,,0,,,,
himself.,,0,,,,
Charlie,,1,1,,,
Weasley,,1,1,,,
couldn't,,1,,,,
have,,1,,,,
done,,1,,,,
"it.""",,1,,,,
,,0,,,,
Wood,,0,1,,,
was,,0,,,,
now,,0,,,,
looking,,0,,,,
as,,1,,,,
though,,1,,,,
all,1,1,,,,
his,1,1,,,,
dreams,1,1,,,,
had,1,1,,,,
come,1,1,,,,
TRUE,,1,,,,
at,,0,,,,
once.,,0,,,,
,,0,,,,
"""Ever",,0,,,,
seen,,0,,,,
a,,0,,,,
game,,0,,,,
of,,0,,,,
"Quidditch,",,0,,,,
"Potter?""",,0,1,,,
he,,0,,,,
asked,,0,,,,
excitedly.,1,0,,,,
,,0,,,,
"""Wood's",,0,1,,,
captain,,0,,,,
of,,0,,,,
the,,0,,,,
Gryffindor,,0,1,,,
"team,""",,0,,,,
Professor,,0,1,,,
McGonagall,,0,1,,,
explained.,,0,,,,
,,0,,,,
"""He's",,0,,,,
just,,0,,,,
the,,0,,,,
build,,0,,,,
for,,0,,,,
a,,0,,,,
"Seeker,",,0,1,,,
"too,""",,0,,,,
said,,0,,,,
"Wood,",,0,1,,,
now,,0,,,,
walking,,0,,,,
around,,0,,,,
Harry,,0,1,,,
and,,0,,,,
staring,,0,,,,
at,,0,,,,
him.,,0,,,,
"""Light",,0,,,,
--,,0,,,,
speedy,,0,,,,
--,,0,,,,
we'll,,0,,,,
have,,0,,,,
to,,0,,,,
get,,0,,,,
him,,0,,,,
a,,0,,,,
decent,,0,,,,
"broom,",,0,1,,,
Professor,,0,1,,,
--,,0,,,,
a,,0,,,,
Nimbus,,0,1,,,
Two,,0,1,,,
Thousand,,0,1,,,
or,,0,,,,
a,,0,,,,
Cleansweep,,0,1,,,
"Seven,",,0,1,,,
I'd,,0,,,,
"say.""",,0,,,,
,,0,,,,
"""I",,0,,,,
shall,,0,,,,
speak,,0,,,,
to,,0,,,,
Professor,,0,1,,,
Dumbledore,,0,1,,,
and,,0,,,,
see,,0,,,,
if,,0,,,,
we,,0,,,,
can't,,0,,,,
bend,,0,,,,
the,,0,,,,
first-year,,0,,,,
rule.,,0,,,,
Heaven,,1,,,,
"knows,",,1,,,,
we,,0,,,,
need,,0,,,,
a,,0,,,,
better,,0,,,,
team,,0,,,,
than,,0,,,,
last,,0,,,,
year.,,0,,,,
Flattened,,1,,,,
in,,1,,,,
that,,1,,,,
last,,1,,,,
match,,1,,,,
by,,1,,,,
"Slytherin,",,1,1,,,
I,,0,,,,
couldn't,,0,,,,
look,,1,,,,
Severus,,1,1,,,
Snape,,1,1,,,
in,,1,,,,
the,,1,,,,
face,,1,1,,,
for,,0,,,,
weeks.,,0,,,,
"...""",,0,,,,
,,0,,,,
Professor,,0,1,,,
McGonagall,,0,1,,,
peered,,0,,,,
sternly,1,0,,,,
over,,0,,,,
her,,0,,,,
glasses,,0,1,,,
at,,0,,,,
Harry.,,0,1,,,
,,0,,,,
"""I",,0,,,,
want,,0,,,,
to,,0,,,,
hear,,0,,,,
you're,,0,,,,
training,,0,,,,
"hard,",,0,,,,
"Potter,",,0,1,,,
or,,0,,,,
I,,0,,,,
may,,0,,,,
change,,0,,,,
my,,0,,,,
mind,,0,,,,
about,,0,,,,
punishing,,0,,,,
"you.""",,0,,,,
,,0,,,,
Then,,0,,,,
she,,0,,,,
suddenly,,0,,,,
smiled.,1,0,,,,
,,0,,,,
"""Your",,0,,,,
father,,0,1,,,
would,,0,,,,
have,,0,,,,
been,,0,,,,
"proud,""",1,0,,,,
she,,0,,,,
said.,,0,,,,
"""He",,0,,,,
was,,0,,,,
an,,0,,,,
excellent,,0,,,,
Quidditch,,0,,,,
player,,0,1,,,
"himself.""",,0,,,,
,,0,,,,
,,0,,,,
"""You're",,0,,,,
"joking.""",,0,,,,
,,0,,,,
It,,0,,,,
was,,0,,,,
dinnertime.,,0,,,,
Harry,,0,1,,,
had,,0,,,,
just,,0,,,,
finished,,0,,,,
telling,,0,,,,
Ron,,0,1,,,
what,,0,,,,
had,,0,,,,
happened,,0,,,,
when,,0,,,,
he'd,,0,,,,
left,,0,,,,
the,,0,,,,
grounds,,0,1,,,
with,,0,,,,
Professor,,0,1,,,
McGonagall.,,0,1,,,
Ron,,0,1,,,
had,,0,,,,
a,,0,,,,
piece,,0,,,,
of,,0,,,,
steak,,0,1,,,
and,,0,,,,
kidney,,0,1,,,
pie,,0,1,,,
halfway,,0,,,,
to,,0,,,,
his,,0,,,,
"mouth,",,0,1,,,
but,,0,,,,
he'd,,0,,,,
forgotten,,0,,,,
all,,0,,,,
about,,0,,,,
it.,,0,,,,
,,0,,,,
"""Seeker?""",,0,1,,,
he,,0,,,,
said.,,0,,,,
"""But",,0,,,,
first,,0,,,,
years,,0,,,,
never,,0,,,,
--,,0,,,,
you,,0,,,,
must,,0,,,,
be,,0,,,,
the,,0,,,,
youngest,,0,,,,
House,,0,1,,,
player,,0,,,,
in,,0,,,,
about,,0,,,,
"--""",,0,,,,
,,0,,,,
"""--",,0,,,,
a,,0,,,,
"century,""",,0,,,,
said,,0,,,,
"Harry,",,0,1,,,
shoveling,,1,,,,
pie,,1,1,,,
into,,1,,,,
his,,1,,,,
mouth.,,1,1,,,
He,,0,,,,
felt,,0,,,,
particularly,,0,,,,
hungry,,0,,,,
after,,0,,,,
the,,0,,,,
excitement,1,0,,,,
of,,0,,,,
the,,0,,,,
afternoon.,,0,,,,
"""Wood",,0,1,,,
told,,0,,,,
"me.""",,0,,,,
,,0,,,,
Ron,,0,1,,,
was,,0,,,,
so,,0,,,,
"amazed,",1,0,,,,
so,,0,,,,
"impressed,",1,0,,,,
he,,0,,,,
just,,0,,,,
sat,,0,,,,
and,,0,,,,
gaped,1,1,,,,
at,,1,,,,
Harry.,,1,1,,,
,,0,,,,
"""I",,0,,,,
start,,0,,,,
training,,0,,,,
next,,0,,,,
"week,""",,0,,,,
said,,0,,,,
Harry.,,0,1,,,
"""Only",,0,,,,
don't,,0,,,,
tell,,0,,,,
"anyone,",,0,,,,
Wood,,0,1,,,
wants,,0,,,,
to,,0,,,,
keep,,0,,,,
it,,0,,,,
a,,0,,,,
"secret.""",,0,,,,
,,0,,,,
Fred,,0,1,,,
and,,0,,,,
George,,0,1,,,
Weasley,,0,1,,,
now,,0,,,,
came,,0,,,,
into,,0,,,,
the,,0,,,,
"hall,",,0,,,,
spotted,,0,,,,
"Harry,",,0,1,,,
and,,0,,,,
hurried,,0,,,,
over.,,0,,,,
,,0,,,,
"""Well",,0,,,,
"done,""",,0,,,,
said,,0,,,,
George,,0,1,,,
in,,0,,,,
a,,0,,,,
low,,0,,,,
voice.,,0,,,,
"""Wood",,0,1,,,
told,,0,,,,
us.,,0,,,,
We're,,0,,,,
on,,0,,,,
the,,0,,,,
team,,0,,,,
too,,0,,,,
--,,0,,,,
"Beaters.""",,0,1,,,
,,0,,,,
"""I",,0,,,,
tell,,0,,,,
"you,",,0,,,,
we're,,0,,,,
going,,0,,,,
to,,0,,,,
win,,0,,,,
that,,0,,,,
Quidditch,,0,,,,
Cup,,0,1,,,
for,,0,,,,
sure,,0,,,,
this,,0,,,,
"year,""",,0,,,,
said,,0,,,,
Fred.,,0,1,,,
"""We",,0,,,,
haven't,,0,,,,
won,,0,,,,
since,,0,,,,
Charlie,,0,1,,,
"left,",,0,,,,
but,,0,,,,
this,,0,,,,
year's,,0,,,,
team,,0,,,,
is,,0,,,,
going,,0,,,,
to,,0,,,,
be,,0,,,,
brilliant.,,0,,,,
You,,0,,,,
must,,0,,,,
be,,0,,,,
"good,",,0,,,,
"Harry,",,0,1,,,
Wood,,1,1,,,
was,,1,,,,
almost,,1,,,,
skipping,1,1,,,,
when,,0,,,,
he,,0,,,,
told,,0,,,,
"us.""",,0,,,,
,,0,,,,
"""Anyway,",,0,,,,
we've,,0,,,,
got,,0,,,,
to,,0,,,,
"go,",,0,,,,
Lee,,0,1,,,
Jordan,,0,1,,,
reckons,,0,,,,
he's,,0,,,,
found,,0,,,,
a,,0,,,,
new,,0,,,,
secret,,0,,,,
passageway,,0,1,,,
out,,0,,,,
of,,0,,,,
the,,0,,,,
"school.""",,0,1,,,
,,0,,,,
"""Bet",,0,,,,
it's,,0,,,,
that,,0,,,,
one,,0,,,,
behind,,0,,,,
the,,0,,,,
statue,,0,1,,,
of,,0,,,,
Gregory,,0,1,,,
the,,0,1,,,
Smarmy,,0,1,,,
that,,0,,,,
we,,0,,,,
found,,0,,,,
in,,0,,,,
our,,0,,,,
first,,0,,,,
week.,,0,,,,
See,,0,,,,
"you.""",,0,,,,
,,0,,,,
Fred,,0,1,,,
and,,0,,,,
George,,0,1,,,
had,,0,,,,
hardly,,0,,,,
disappeared,,1,,,,
when,,0,,,,
someone,,0,,,,
far,,0,,,,
less,,0,,,,
welcome,,0,,,,
turned,,0,,,,
up:,,0,,,,
"Malfoy,",,0,1,,,
flanked,,1,,,,
by,,0,,,,
Crabbe,,0,1,,,
and,,0,,,,
Goyle.,,0,1,,,
,,0,,,,
"""Having",,0,,,,
a,,0,,,,
last,,0,,,,
"meal,",,0,,,,
Potter?,,0,1,,,
When,,0,,,,
are,,0,,,,
you,,0,,,,
getting,,0,,,,
the,,0,,,,
train,,0,1,,,
back,,0,,,,
to,,0,,,,
the,,0,,,,
"Muggles?""",,0,1,,,
,,0,,,,
"""You're",,0,,,,
a,,0,,,,
lot,,0,,,,
braver,1,0,,,,
now,,0,,,,
that,,0,,,,
you're,,0,,,,
back,,0,,,,
on,,0,,,,
the,,0,,,,
ground,,0,1,,,
and,,0,,,,
you've,,0,,,,
got,,0,,,,
your,,0,,,,
little,,0,,,,
friends,,0,1,,,
with,,0,,,,
"you,""",,0,,,,
said,,0,,,,
Harry,,0,1,,,
coolly.,1,0,,,,
There,,0,,,,
was,,0,,,,
of,,0,,,,
course,,0,,,,
nothing,,0,,,,
at,,0,,,,
all,,0,,,,
little,,0,,,,
about,,0,,,,
Crabbe,,0,1,,,
and,,0,,,,
"Goyle,",,0,1,,,
but,,0,,,,
as,,0,,,,
the,,0,,,,
High,,0,1,,,
Table,,0,1,,,
was,,0,,,,
full,,0,,,,
of,,0,,,,
"teachers,",,0,1,,,
neither,,0,,,,
of,,0,,,,
them,,0,,,,
could,,0,,,,
do,,0,,,,
more,,0,,,,
than,,0,,,,
crack,,0,,,,
their,,0,,,,
knuckles,,0,1,,,
and,,0,,,,
scowl.,1,0,,,,
,,0,,,,
"""I'd",,1,,,,
take,,1,,,,
you,,1,,,,
on,,1,,,,
anytime,,0,,,,
on,,0,,,,
my,,0,,,,
"own,""",,0,,,,
said,,0,,,,
Malfoy.,,0,1,,,
"""Tonight,",,0,,,,
if,,0,,,,
you,,0,,,,
want.,,0,,,,
Wizard's,,1,1,,,
duel.,,1,,,,
Wands,,1,1,,,
only,,1,,,,
--,,0,,,,
no,,0,,,,
contact.,,0,,,,
What's,,0,,,,
the,,0,,,,
matter?,,0,,,,
Never,,0,,,,
heard,,0,,,,
of,,0,,,,
a,,0,,,,
wizard's,,0,1,,,
duel,,0,,,,
"before,",,0,,,,
I,,0,,,,
"suppose?""",,0,,,,
,,0,,,,
"""Of",,0,,,,
course,,0,,,,
he,,0,,,,
"has,""",,0,,,,
said,,0,,,,
"Ron,",,0,1,,,
wheeling,,1,,,,
around.,,0,,,,
"""I'm",,0,,,,
his,,0,,,,
"second,",,0,,,,
who's,,0,,,,
"yours?""",,0,,,,
,,0,,,,
Malfoy,,0,1,,,
looked,,0,,,,
at,,0,,,,
Crabbe,,0,1,,,
and,,0,,,,
"Goyle,",,0,1,,,
sizing,,1,,,,
them,,1,,,,
up.,,1,,,,
,,0,,,,
"""Crabbe,""",,0,1,,,
he,,0,,,,
said.,,0,,,,
"""Midnight",,0,,,,
all,,0,,,,
right?,,0,,,,
We'll,,0,,,,
meet,,0,,,,
you,,0,,,,
in,,0,,,,
the,,0,,,,
trophy,,0,1,,,
room;,,0,1,,,
that's,,0,,,,
always,,0,,,,
"unlocked.""",,0,,,,
,,0,,,,
When,,0,,,,
Malfoy,,0,1,,,
had,,0,,,,
"gone,",,0,,,,
Ron,,0,1,,,
and,,0,,,,
Harry,,0,1,,,
looked,,0,,,,
at,,0,,,,
each,,0,,,,
other.,,0,,,,
,,0,,,,
"""What",,0,,,,
is,,0,,,,
a,,0,,,,
wizard's,,0,1,,,
"duel?""",,0,,,,
said,,0,,,,
Harry.,,0,1,,,
"""And",,0,,,,
what,,0,,,,
do,,0,,,,
you,,0,,,,
"mean,",,0,,,,
you're,,0,,,,
my,,0,,,,
"second?""",,0,,,,
,,0,,,,
"""Well,",,0,,,,
a,,0,,,,
second's,,0,,,,
there,,0,,,,
to,,0,,,,
take,,0,,,,
over,,0,,,,
if,,0,,,,
you,,0,,,,
"die,""",,0,,,,
said,,0,,,,
Ron,,0,1,,,
"casually,",,0,,,,
getting,,0,,,,
started,,0,,,,
at,,0,,,,
last,,0,,,,
on,,0,,,,
his,,0,,,,
cold,,0,,,,
pie.,,0,1,,,
Catching,,0,,,,
the,,0,,,,
look,,0,,,,
on,,0,,,,
Harry's,,0,1,,,
"face,",,0,1,,,
he,,0,,,,
added,,0,,,,
"quickly,",,0,,,,
"""But",,0,,,,
people,,0,1,,,
only,,0,,,,
die,,0,,,,
in,,0,,,,
proper,,0,,,,
"duels,",,0,,,,
you,,0,,,,
"know,",,0,,,,
with,,0,,,,
real,,0,,,,
wizards.,,0,1,,,
The,,0,,,,
most,,0,,,,
you,,0,,,,
and,,0,,,,
Malfoy'll,,0,1,,,
be,,0,,,,
able,,0,,,,
to,,0,,,,
do,,0,,,,
is,,0,,,,
send,,0,,,,
sparks,,0,,,,
at,,0,,,,
each,,0,,,,
other.,,0,,,,
Neither,,0,,,,
of,,0,,,,
you,,0,,,,
knows,,0,,,,
enough,,0,,,,
magic,,0,,,,
to,,0,,,,
do,,0,,,,
any,,0,,,,
real,,0,,,,
damage.,,0,,,,
I,,0,,,,
bet,,0,,,,
he,,0,,,,
expected,,0,,,,
you,,0,,,,
to,,0,,,,
"refuse,",,0,,,,
"anyway.""",,0,,,,
,,0,,,,
"""And",,0,,,,
what,,0,,,,
if,,0,,,,
I,,0,,,,
wave,,0,,,,
my,,0,,,,
wand,,0,1,,,
and,,0,,,,
nothing,,0,,,,
"happens?""",,0,,,,
,,0,,,,
"""Throw",,0,,,,
it,,0,,,,
away,,0,,,,
and,,0,,,,
punch,,0,,,,
him,,0,,,,
on,,0,,,,
the,,0,,,,
"nose,""",,0,1,,,
Ron,,0,1,,,
suggested.,,0,,,,
,,0,,,,
"""Excuse",,0,,,,
"me.""",,0,,,,
,,0,,,,
They,,0,,,,
both,,0,,,,
looked,,0,,,,
up.,,0,,,,
It,,0,,,,
was,,0,,,,
Hermione,,0,1,,,
Granger.,,0,1,,,
,,0,,,,
"""Can't",,0,,,,
a,,0,,,,
person,,0,1,,,
eat,,0,,,,
in,,0,,,,
peace,,0,,,,
in,,0,,,,
this,,0,,,,
"place?""",,0,1,,,
said,,0,,,,
Ron.,,0,1,,,
,,0,,,,
Hermione,,0,1,,,
ignored,,0,,,,
him,,0,,,,
and,,0,,,,
spoke,,0,,,,
to,,0,,,,
Harry.,,0,1,,,
"""I",,0,,,,
couldn't,,0,,,,
help,,0,,,,
overhearing,,0,,,,
what,,0,,,,
you,,0,,,,
and,,0,,,,
Malfoy,,0,1,,,
were,,0,,,,
saying,,0,,,,
"--""",,0,,,,
,,0,,,,
"""Bet",,0,,,,
you,,0,,,,
"could,""",,0,,,,
Ron,,0,1,,,
muttered.,,0,,,,
,,0,,,,
"""--",,0,,,,
and,,0,,,,
you,,0,,,,
mustn't,,0,,,,
go,,0,,,,
wandering,,0,,,,
around,,0,,,,
the,,0,,,,
school,,0,1,,,
at,,0,,,,
"night,",,0,,,,
think,,0,,,,
of,,0,,,,
the,,0,,,,
points,,0,,,,
you'll,,0,,,,
lose,,0,,,,
Gryffindor,,0,1,,,
if,,0,,,,
you're,,0,,,,
"caught,",,0,,,,
and,,0,,,,
you're,,0,,,,
bound,,0,,,,
to,,0,,,,
be.,,0,,,,
It's,,0,,,,
really,,0,,,,
very,,0,,,,
selfish,,0,,,,
of,,0,,,,
"you.""",,0,,,,
,,0,,,,
"""And",,0,,,,
it's,,0,,,,
really,,0,,,,
none,,0,,,,
of,,0,,,,
your,,0,,,,
"business,""",,0,,,,
said,,0,,,,
Harry.,,0,1,,,
,,0,,,,
"""Good-bye,""",,0,,,,
said,,0,,,,
Ron.,,0,1,,,
,,0,,,,
,,0,,,,
All,,0,,,,
the,,0,,,,
"same,",,0,,,,
it,,0,,,,
wasn't,,0,,,,
what,,0,,,,
you'd,,0,,,,
call,,0,,,,
the,,0,,,,
perfect,,0,,,,
end,,0,,,,
to,,0,,,,
the,,0,,,,
"day,",,0,,,,
Harry,,0,1,,,
"thought,",,0,,,,
as,,0,,,,
he,,0,,,,
lay,,0,,,,
awake,,0,,,,
much,,0,,,,
later,,0,,,,
listening,,0,,,,
to,,0,,,,
Dean,,0,1,,,
and,,0,,,,
Seamus,,0,1,,,
falling,,0,,,,
asleep,,0,,,,
(Neville,,0,1,,,
wasn't,,0,,,,
back,,0,,,,
from,,0,,,,
the,,0,,,,
hospital,,0,1,,,
wing).,,0,1,,,
Ron,,0,1,,,
had,,0,,,,
spent,,0,,,,
all,,0,,,,
evening,,0,,,,
giving,,0,,,,
him,,0,,,,
advice,,0,,,,
such,,0,,,,
as,,0,,,,
"""If",,0,,,,
he,,0,,,,
tries,,0,,,,
to,,0,,,,
curse,,0,,,,
"you,",,0,,,,
you'd,,0,,,,
better,,0,,,,
dodge,,0,,,,
"it,",,0,,,,
because,,0,,,,
I,,0,,,,
can't,,0,,,,
remember,,0,,,,
how,,0,,,,
to,,0,,,,
block,,0,,,,
"them.""",,0,,,,
There,,0,,,,
was,,0,,,,
a,,0,,,,
very,,0,,,,
good,,0,,,,
chance,,0,,,,
they,,0,,,,
were,,0,,,,
going,,0,,,,
to,,0,,,,
get,,0,,,,
caught,,0,,,,
by,,0,,,,
Filch,,0,1,,,
or,,0,,,,
Mrs.,,0,1,,,
"Norris,",,0,,,,
and,,0,1,,,
Harry,,0,1,,,
felt,,0,,,,
he,,0,,,,
was,,0,,,,
pushing,,1,,,,
his,,1,,,,
"luck,",,1,,,,
breaking,,0,,,,
another,,0,,,,
school,,0,1,,,
rule,,0,,,,
today.,,0,,,,
On,,0,,,,
the,,0,,,,
other,,0,,,,
"hand,",,0,,,,
Malfoy's,,0,1,,,
sneering,1,0,,,,
face,,0,1,,,
kept,,0,,,,
looming,,0,,,,
up,,0,,,,
out,,0,,,,
of,,0,,,,
the,,0,,,,
darkness,,0,,,,
--,,0,,,,
this,,0,,,,
was,,0,,,,
his,,0,,,,
big,,0,,,,
chance,,0,,,,
to,,0,,,,
beat,,0,,,,
Malfoy,,0,1,,,
face-to-face.,,0,,,,
He,,0,,,,
couldn't,,0,,,,
miss,,0,,,,
it.,,0,,,,
,,0,,,,
"""Half-past",,0,,,,
"eleven,""",,0,,,,
Ron,,0,1,,,
muttered,,0,,,,
at,,0,,,,
"last,",,0,,,,
"""we'd",,0,,,,
better,,0,,,,
"go.""",,0,,,,
,,0,,,,
They,,0,,,,
pulled,,0,,,,
on,,0,,,,
their,,0,,,,
"bathrobes,",,0,1,,,
picked,,0,,,,
up,,0,,,,
their,,0,,,,
"wands,",,0,1,,,
and,,0,,,,
crept,,0,,,,
across,,0,,,,
the,,0,,,,
tower,,0,1,,,
"room,",,0,1,,,
down,,0,,,,
the,,0,,,,
spiral,,0,,,,
"staircase,",,0,1,,,
and,,0,,,,
into,,0,,,,
the,,0,,,,
Gryffindor,,0,1,,,
common,,0,1,,,
room.,,0,1,,,
A,,0,,,,
few,,0,,,,
embers,,0,1,,,
were,,0,,,,
still,,0,,,,
glowing,,0,,,,
in,,0,,,,
the,,0,,,,
"fireplace,",,0,1,,,
turning,,1,,,,
all,,1,,,,
the,,1,,,,
armchairs,,1,1,,,
into,,1,,,,
hunched,,1,,,,
black,,1,,,,
shadows.,,1,,,,
They,,0,,,,
had,,0,,,,
almost,,0,,,,
reached,,0,,,,
the,,0,,,,
portrait,,0,1,,,
hole,,0,1,,,
when,,0,,,,
a,,0,,,,
voice,,0,,,,
spoke,,0,,,,
from,,0,,,,
the,,0,,,,
chair,,0,1,,,
nearest,,0,,,,
"them,",,0,,,,
"""I",,0,,,,
can't,,0,,,,
believe,,0,,,,
you're,,0,,,,
going,,0,,,,
to,,0,,,,
do,,0,,,,
"this,",,0,,,,
"Harry.""",,0,1,,,
,,0,,,,
A,,0,,,,
lamp,,0,1,,,
flickered,,0,,,,
on.,,0,,,,
It,,0,,,,
was,,0,,,,
Hermione,,0,1,,,
"Granger,",,0,1,,,
wearing,,0,,,,
a,,0,,,,
pink,,0,,,,
bathrobe,,0,1,,,
and,,0,,,,
a,,0,,,,
frown.,,0,,,,
,,0,,,,
"""You!""",,0,,,,
said,,0,,,,
Ron,,0,1,,,
furiously.,1,0,,,,
"""Go",,0,,,,
back,,0,,,,
to,,0,,,,
"bed!""",,0,1,,,
,,0,,,,
"""I",,0,,,,
almost,,0,,,,
told,,0,,,,
your,,0,,,,
"brother,""",,0,1,,,
Hermione,,0,1,,,
"snapped,",1,0,,,,
"""Percy",,0,1,,,
--,,0,,,,
he's,,0,,,,
a,,0,,,,
"prefect,",,0,,,,
he'd,,0,,,,
put,,0,,,,
a,,0,,,,
stop,,0,,,,
to,,0,,,,
"this.""",,0,,,,
,,0,,,,
Harry,,0,1,,,
couldn't,,0,,,,
believe,,0,,,,
anyone,,0,,,,
could,,0,,,,
be,,0,,,,
so,,0,,,,
interfering.,,0,,,,
,,0,,,,
"""Come",,0,,,,
"on,""",,0,,,,
he,,0,,,,
said,,0,,,,
to,,0,,,,
Ron.,,0,1,,,
He,,0,,,,
pushed,,0,,,,
open,,0,,,,
the,,0,,,,
portrait,,0,1,,,
of,,0,,,,
the,,0,,,,
Fat,,0,1,,,
Lady,,0,1,,,
and,,0,,,,
climbed,,0,,,,
through,,0,,,,
the,,0,,,,
hole.,,0,,,,
,,0,,,,
Hermione,,0,1,,,
wasn't,,0,,,,
going,,0,,,,
to,,0,,,,
give,,0,,,,
up,,0,,,,
that,,0,,,,
easily.,,0,,,,
She,,0,,,,
followed,,0,,,,
Ron,,0,1,,,
through,,0,,,,
the,,0,,,,
portrait,,0,1,,,
"hole,",,0,1,,,
hissing,1,1,,,,
at,,1,,,,
them,,1,,,,
like,,1,,,,
an,,1,,,,
angry,1,1,,,,
goose.,,1,1,,,
"""Don't",,0,,,,
you,,0,,,,
care,,0,,,,
about,,0,,,,
"Gryffindor,",,0,1,,,
do,,0,,,,
you,,0,,,,
only,,0,,,,
care,,0,,,,
about,,0,,,,
"yourselves,",,0,,,,
I,,0,,,,
don't,,0,,,,
want,,0,,,,
Slytherin,,0,1,,,
to,,0,,,,
win,,0,,,,
the,,0,,,,
House,,0,1,,,
"Cup,",,0,1,,,
and,,0,,,,
you'll,,0,,,,
lose,,0,,,,
all,,0,,,,
the,,0,,,,
points,,0,,,,
I,,0,,,,
got,,0,,,,
from,,0,,,,
Professor,,0,1,,,
McGonagall,,0,1,,,
for,,0,,,,
knowing,,0,,,,
about,,0,,,,
Switching,,0,,,,
"Spells.""",,0,,,,
,,0,,,,
"""Go",,0,,,,
"away.""",,0,,,,
,,0,,,,
"""All",,0,,,,
"right,",,0,,,,
but,,0,,,,
I,,0,,,,
warned,,0,,,,
"you,",,0,,,,
you,,0,,,,
just,,0,,,,
remember,,0,,,,
what,,0,,,,
I,,0,,,,
said,,0,,,,
when,,0,,,,
you're,,0,,,,
on,,0,,,,
the,,0,,,,
train,,0,1,,,
home,,0,,,,
"tomorrow,",,0,,,,
you're,,0,,,,
so,,0,,,,
"--""",,0,,,,
,,0,,,,
But,,0,,,,
what,,0,,,,
they,,0,,,,
"were,",,0,,,,
they,,0,,,,
didn't,,0,,,,
find,,0,,,,
out.,,0,,,,
Hermione,,0,1,,,
had,,0,,,,
turned,,0,,,,
to,,0,,,,
the,,0,,,,
portrait,,0,1,,,
of,,0,,,,
the,,0,,,,
Fat,,0,1,,,
Lady,,0,1,,,
to,,0,,,,
get,,0,,,,
back,,0,,,,
inside,,0,1,,,
and,,0,,,,
found,,0,,,,
herself,,0,,,,
facing,,0,,,,
an,,0,,,,
empty,,0,,,,
painting.,,0,1,,,
The,,0,,,,
Fat,,0,1,,,
Lady,,0,1,,,
had,,0,,,,
gone,,0,,,,
on,,0,,,,
a,,0,,,,
nighttime,,0,,,,
visit,,0,,,,
and,,0,,,,
Hermione,,0,1,,,
was,,0,,,,
locked,,0,,,,
out,,0,,,,
of,,0,,,,
Gryffindor,,0,1,,,
Tower.,,0,1,,,
,,0,,,,
"""Now",,0,,,,
what,,0,,,,
am,,0,,,,
I,,0,,,,
going,,0,,,,
to,,0,,,,
"do?""",,0,,,,
she,,0,,,,
asked,,0,,,,
shrilly.,1,0,,,,
,,0,,,,
"""That's",,0,,,,
your,,0,,,,
"problem,""",,0,,,,
said,,0,,,,
Ron.,,0,1,,,
"""We've",,0,,,,
got,,0,,,,
to,,0,,,,
"go,",,0,,,,
we're,,0,,,,
going,,0,,,,
to,,0,,,,
be,,0,,,,
"late.""",,0,,,,
,,0,,,,
They,,0,,,,
hadn't,,0,,,,
even,,0,,,,
reached,,0,,,,
the,,0,,,,
end,,0,,,,
of,,0,,,,
the,,0,,,,
corridor,,0,1,,,
when,,0,,,,
Hermione,,0,1,,,
caught,,0,,,,
up,,0,,,,
with,,0,,,,
them.,,0,,,,
,,0,,,,
"""I'm",,0,,,,
coming,,0,,,,
with,,0,,,,
"you,""",,0,,,,
she,,0,,,,
said.,,0,,,,
"""You",,0,,,,
are,,0,,,,
"not.""",,0,,,,
,,0,,,,
"""D'you",,0,,,,
think,,0,,,,
I'm,,0,,,,
going,,0,,,,
to,,0,,,,
stand,,0,,,,
out,,0,,,,
here,,0,,,,
and,,0,,,,
wait,,0,,,,
for,,0,,,,
Filch,,0,1,,,
to,,0,,,,
catch,,0,,,,
me?,,0,,,,
If,,0,,,,
he,,0,,,,
finds,,0,,,,
all,,0,,,,
three,,0,,,,
of,,0,,,,
us,,0,,,,
I'll,,0,,,,
tell,,0,,,,
him,,0,,,,
the,,0,,,,
"truth,",,0,,,,
that,,0,,,,
I,,0,,,,
was,,0,,,,
trying,,0,,,,
to,,0,,,,
stop,,0,,,,
"you,",,0,,,,
and,,0,,,,
you,,0,,,,
can,,0,,,,
back,,0,,,,
me,,0,,,,
"up.""",,0,,,,
,,0,,,,
"""You've",,0,,,,
got,,0,,,,
some,,0,,,,
nerve,,0,,,,
"--""",,0,,,,
said,,0,,,,
Ron,,0,1,,,
loudly.,1,0,,,,
,,0,,,,
"""Shut",,0,,,,
"up,",,0,,,,
both,,0,,,,
of,,0,,,,
"you!""",,0,,,,
said,,0,,,,
Harry,,0,1,,,
sharply.,1,0,,,,
"""I",,0,,,,
heard,,0,,,,
"something.""",,0,,,,
,,0,,,,
It,,0,,,,
was,,0,,,,
a,,0,,,,
sort,,0,,,,
of,,0,,,,
snuffling.,,0,,,,
,,0,,,,
"""Mrs.",,0,1,,,
"Norris?""",,0,1,,,
breathed,,0,,,,
"Ron,",,0,1,,,
squinting,,0,,,,
through,,0,,,,
the,,0,,,,
dark.,,0,,,,
,,0,,,,
It,,0,,,,
wasn't,,0,,,,
Mrs.,,0,1,,,
Norris.,,0,1,,,
It,,0,,,,
was,,0,,,,
Neville.,,0,1,,,
He,,0,,,,
was,,0,,,,
curled,,0,,,,
up,,0,,,,
on,,0,,,,
the,,0,,,,
"floor,",,0,1,,,
fast,,0,,,,
"asleep,",,0,,,,
but,,0,,,,
jerked,1,0,,,,
suddenly,,0,,,,
awake,,0,,,,
as,,0,,,,
they,,0,,,,
crept,,0,,,,
nearer.,,0,,,,
,,0,,,,
"""Thank",,0,,,,
goodness,,0,,,,
you,,0,,,,
found,,0,,,,
me!,,0,,,,
I've,,0,,,,
been,,0,,,,
out,,0,,,,
here,,0,,,,
for,,0,,,,
"hours,",,0,,,,
I,,0,,,,
couldn't,,0,,,,
remember,,0,,,,
the,,0,,,,
new,,0,,,,
password,,0,,,,
to,,0,,,,
get,,0,,,,
in,,0,,,,
to,,0,,,,
"bed.""",,0,1,,,
,,0,,,,
"""Keep",,0,,,,
your,,0,,,,
voice,,0,,,,
"down,",,0,,,,
Neville.,,0,1,,,
The,,0,,,,
password's,,0,,,,
Pig,,0,1,,,
snout',,0,1,,,
but,,0,,,,
it,,0,,,,
won't,,0,,,,
help,,0,,,,
you,,0,,,,
"now,",,0,,,,
the,,0,,,,
Fat,,0,1,,,
Lady's,,0,1,,,
gone,,0,,,,
off,,0,,,,
"somewhere.""",,0,,,,
,,0,,,,
"""How's",,0,,,,
your,,0,,,,
"arm?""",,0,1,,,
said,,0,,,,
Harry.,,0,1,,,
,,0,,,,
"""Fine,""",,0,,,,
said,,0,,,,
"Neville,",,0,1,,,
showing,,0,,,,
them.,,0,,,,
"""Madam",,0,1,,,
Pomfrey,,0,1,,,
mended,,0,,,,
it,,0,,,,
in,,0,,,,
about,,0,,,,
a,,0,,,,
"minute.""",,0,,,,
,,0,,,,
"""Good",,0,,,,
--,,0,,,,
"well,",,0,,,,
"look,",,0,,,,
"Neville,",,0,1,,,
we've,,0,,,,
got,,0,,,,
to,,0,,,,
be,,0,,,,
"somewhere,",,0,,,,
we'll,,0,,,,
see,,0,,,,
you,,0,,,,
later,,0,,,,
"--""",,0,,,,
,,0,,,,
"""Don't",,0,,,,
leave,,0,,,,
"me!""",,0,,,,
said,,0,,,,
"Neville,",,0,1,,,
scrambling,,1,,,,
to,,1,,,,
his,,1,,,,
"feet,",,1,1,,,
"""I",,0,,,,
don't,,0,,,,
want,,0,,,,
to,,0,,,,
stay,,0,,,,
here,,0,,,,
"alone,",,0,,,,
the,,0,,,,
Bloody,,0,1,,,
Baron's,,0,1,,,
been,,0,,,,
past,,0,,,,
twice,,0,,,,
"already.""",,0,,,,
,,0,,,,
Ron,,0,1,,,
looked,,0,,,,
at,,0,,,,
his,,0,,,,
watch,,0,1,,,
and,,0,,,,
then,,0,,,,
glared,,0,,,,
furiously,1,0,,,,
at,,0,,,,
Hermione,,0,1,,,
and,,0,,,,
Neville.,,0,1,,,
,,0,,,,
"""If",,0,,,,
either,,0,,,,
of,,0,,,,
you,,0,,,,
get,,0,,,,
us,,0,,,,
"caught,",,0,,,,
I'll,,0,,,,
never,,0,,,,
rest,,0,,,,
until,,0,,,,
I've,,0,,,,
learned,,0,,,,
that,,0,,,,
Curse,,0,,,,
of,,0,,,,
the,,0,,,,
Bogies,,0,,,,
Quirrell,,0,,,,
told,,0,,,,
us,,0,,,,
"about,",,0,,,,
and,,0,,,,
used,,0,,,,
it,,0,,,,
on,,0,,,,
"you.""",,0,,,,
,,0,,,,
Hermione,,0,1,,,
opened,,0,,,,
her,,0,,,,
"mouth,",,0,1,,,
perhaps,,0,,,,
to,,0,,,,
tell,,0,,,,
Ron,,0,1,,,
exactly,,0,,,,
how,,0,,,,
to,,0,,,,
use,,0,,,,
the,,0,,,,
Curse,,0,,,,
of,,0,,,,
the,,0,,,,
"Bogies,",,0,,,,
but,,0,,,,
Harry,,0,1,,,
hissed,1,1,,,,
at,,0,,,,
her,,0,,,,
to,,0,,,,
be,,0,,,,
quiet,,0,,,,
and,,0,,,,
beckoned,,0,,,,
them,,0,,,,
all,,0,,,,
forward.,,0,,,,
,,0,,,,
They,,0,,,,
flitted,,0,,,,
along,,0,,,,
corridors,,0,1,,,
striped,,1,,,,
with,,1,,,,
bars,,1,,,,
of,,1,,,,
moonlight,,1,,,,
from,,0,,,,
the,,0,,,,
high,,0,,,,
windows.,,0,1,,,
At,,0,,,,
every,,0,,,,
turn,,0,,,,
Harry,,0,1,,,
expected,,0,,,,
to,,0,,,,
run,,0,,,,
into,,0,,,,
Filch,,0,1,,,
or,,0,,,,
Mrs.,,0,1,,,
"Norris,",,0,1,,,
but,,0,,,,
they,,0,,,,
were,,0,,,,
lucky.,,0,,,,
They,,0,,,,
sped,,0,,,,
up,,0,,,,
a,,0,,,,
staircase,,0,1,,,
to,,0,,,,
the,,0,,,,
third,,0,,,,
floor,,0,1,,,
and,,0,,,,
tiptoed,,0,,,,
toward,,0,,,,
the,,0,,,,
trophy,,0,1,,,
room.,,0,1,,,
,,0,,,,
Malfoy,,0,1,,,
and,,0,,,,
Crabbe,,0,1,,,
weren't,,0,,,,
there,,0,,,,
yet.,,0,,,,
The,,0,,,,
crystal,,0,,,,
trophy,,0,1,,,
cases,,0,1,,,
glimmered,,0,,,,
where,,0,,,,
the,,0,,,,
moonlight,,0,,,,
caught,,0,,,,
them.,,0,,,,
"Cups,",,0,1,,,
"shields,",,0,1,,,
"plates,",,0,1,,,
and,,0,,,,
statues,,0,1,,,
winked,,0,,,,
silver,,0,,,,
and,,0,,,,
gold,,0,,,,
in,,0,,,,
the,,0,,,,
darkness.,,0,,,,
They,,0,,,,
edged,,0,,,,
along,,0,,,,
the,,0,,,,
"walls,",,0,1,,,
keeping,,0,,,,
their,,0,,,,
eyes,,0,1,,,
on,,0,,,,
the,,0,,,,
doors,,0,1,,,
at,,0,,,,
either,,0,,,,
end,,0,,,,
of,,0,,,,
the,,0,,,,
room.,,0,1,,,
Harry,,0,1,,,
took,,0,,,,
out,,0,,,,
his,,0,,,,
wand,,0,1,,,
in,,0,,,,
case,,0,,,,
Malfoy,,0,1,,,
leapt,,0,,,,
in,,0,,,,
and,,0,,,,
started,,0,,,,
at,,0,,,,
once.,,0,,,,
The,,1,,,,
minutes,,1,,,,
crept,,1,,,,
by.,,1,,,,
,,0,,,,
"""He's",,0,,,,
"late,",,0,,,,
maybe,,0,,,,
he's,,1,,,,
chickened,1,1,,,,
"out,""",1,1,,,,
Ron,,0,1,,,
whispered.,,0,,,,
,,0,,,,
Then,,0,,,,
a,,0,,,,
noise,,0,,,,
in,,0,,,,
the,,0,,,,
next,,0,,,,
room,,0,,,,
made,,0,,,,
them,,0,,,,
jump.,1,0,,,,
Harry,,0,1,,,
had,,0,,,,
only,,0,,,,
just,,0,,,,
raised,,0,,,,
his,,0,,,,
wand,,0,1,,,
when,,0,,,,
they,,0,,,,
heard,,0,,,,
someone,,0,,,,
speak,,0,,,,
--,,0,,,,
and,,0,,,,
it,,0,,,,
wasn't,,0,,,,
Malfoy.,,0,1,,,
,,0,,,,
"""Sniff",,0,,,,
"around,",,0,,,,
my,,0,,,,
"sweet,",,0,,,,
they,,0,,,,
might,,0,,,,
be,,0,,,,
lurking,,0,,,,
in,,0,,,,
a,,0,,,,
"corner.""",,0,1,,,
,,0,,,,
It,,0,,,,
was,,0,,,,
Filch,,0,1,,,
speaking,,0,,,,
to,,0,,,,
Mrs.,,0,1,,,
Norris.,,0,1,,,
"Horror-struck,",1,0,,,,
Harry,,0,1,,,
waved,,0,,,,
madly,1,0,,,,
at,,0,,,,
the,,0,,,,
other,,0,1,,,
three,,0,1,,,
to,,0,,,,
follow,,0,,,,
him,,0,,,,
as,,0,,,,
quickly,,0,,,,
as,,0,,,,
possible;,,0,,,,
they,,0,,,,
scurried,,0,,,,
silently,,0,,,,
toward,,0,,,,
the,,0,,,,
"door,",,0,1,,,
away,,0,,,,
from,,0,,,,
Filch's,,0,1,,,
voice.,,0,,,,
Neville's,,0,1,,,
robes,,0,1,,,
had,,0,,,,
barely,,0,,,,
whipped,,0,,,,
round,,0,,,,
the,,0,,,,
corner,,0,,,,
when,,0,,,,
they,,0,,,,
heard,,0,,,,
Filch,,0,1,,,
enter,,0,,,,
the,,0,,,,
trophy,,0,1,,,
room.,,0,1,,,
,,0,,,,
"""They're",,0,,,,
in,,0,,,,
here,,0,,,,
"somewhere,""",,0,,,,
they,,0,,,,
heard,,0,,,,
him,,0,,,,
"mutter,",,0,,,,
"""probably",,0,,,,
"hiding.""",,0,,,,
,,0,,,,
"""This",,0,,,,
"way!""",,0,,,,
Harry,,0,1,,,
mouthed,,0,,,,
to,,0,,,,
the,,0,,,,
others,,0,1,,,
"and,",,0,,,,
"petrified,",1,1,,,,
they,,0,,,,
began,,0,,,,
to,,0,,,,
creep,,0,,,,
down,,0,,,,
a,,0,,,,
long,,0,,,,
gallery,,0,1,,,
full,,0,,,,
of,,0,,,,
suits,,0,1,,,
of,,0,1,,,
armor.,,0,1,,,
,,0,,,,
They,,0,,,,
could,,0,,,,
hear,,0,,,,
Filch,,0,1,,,
getting,,0,,,,
nearer.,,0,,,,
Neville,,0,1,,,
suddenly,,0,,,,
let,,0,,,,
out,,0,,,,
a,,0,,,,
frightened,1,0,,,,
squeak,,0,,,,
and,,0,,,,
broke,,1,,,,
into,,1,,,,
a,,1,,,,
run,,1,,,,
--,,0,,,,
he,,0,,,,
"tripped,",,0,,,,
grabbed,,0,,,,
Ron,,0,1,,,
around,,0,,,,
the,,0,,,,
"waist,",,0,1,,,
and,,0,,,,
the,,0,,,,
pair,,0,,,,
of,,0,,,,
them,,0,,,,
toppled,,0,,,,
right,,0,,,,
into,,0,,,,
a,,0,,,,
suit,,0,1,,,
of,,0,1,,,
armor.,,0,1,,,
,,0,,,,
The,,0,,,,
clanging,,0,,,,
and,,0,,,,
crashing,,0,,,,
were,,0,,,,
enough,,0,,,,
to,,0,,,,
wake,,0,,,,
the,,0,,,,
whole,,0,,,,
castle.,,0,1,,,
,,0,,,,
"""RUN!""",,0,,,,
Harry,,0,1,,,
"yelled,",,0,,,,
and,,0,,,,
the,,0,,,,
four,,0,,,,
of,,0,,,,
them,,0,,,,
sprinted,,0,,,,
down,,0,,,,
the,,0,,,,
"gallery,",,0,1,,,
not,,0,,,,
looking,,0,,,,
back,,0,,,,
to,,0,,,,
see,,0,,,,
whether,,0,,,,
Filch,,0,1,,,
was,,0,,,,
following,,0,,,,
--,,0,,,,
they,,0,,,,
swung,,0,,,,
around,,0,,,,
the,,0,,,,
doorpost,,0,1,,,
and,,0,,,,
galloped,,0,,,,
down,,0,,,,
one,,0,,,,
corridor,,0,1,,,
then,,0,,,,
"another,",,0,,,,
Harry,,0,1,,,
in,,0,,,,
the,,0,,,,
"lead,",,0,,,,
without,,0,,,,
any,,0,,,,
idea,,0,,,,
where,,0,,,,
they,,0,,,,
were,,0,,,,
or,,0,,,,
where,,0,,,,
they,,0,,,,
were,,0,,,,
going,,0,,,,
--,,0,,,,
they,,0,,,,
ripped,,0,,,,
through,,0,,,,
a,,0,,,,
tapestry,,0,1,,,
and,,0,,,,
found,,0,,,,
themselves,,0,,,,
in,,0,,,,
a,,0,,,,
hidden,,0,,,,
"passageway,",,0,,,,
hurtled,,0,,,,
along,,0,,,,
it,,0,,,,
and,,0,,,,
came,,0,,,,
out,,0,,,,
near,,0,,,,
their,,0,,,,
Charms,,0,,,,
"classroom,",,0,,,,
which,,0,1,,,
they,,0,,,,
knew,,0,,,,
was,,0,,,,
miles,,0,,,,
from,,0,,,,
the,,0,,,,
trophy,,0,1,,,
room.,,0,1,,,
,,0,,,,
"""I",,0,,,,
think,,0,,,,
we've,,0,,,,
lost,,0,,,,
"him,""",,0,,,,
Harry,,0,1,,,
"panted,",,0,,,,
leaning,,0,,,,
against,,0,,,,
the,,0,,,,
cold,,0,,,,
wall,,0,1,,,
and,,0,,,,
wiping,,0,,,,
his,,0,,,,
forehead.,,0,1,,,
Neville,,0,1,,,
was,,0,,,,
bent,,0,,,,
"double,",,0,,,,
wheezing,,0,,,,
and,,0,,,,
spluttering.,,0,,,,
,,0,,,,
"""I",,0,,,,
--,,0,,,,
told,,0,,,,
--,,0,,,,
"you,""",,0,,,,
Hermione,,0,1,,,
"gasped,",1,0,,,,
clutching,,0,,,,
at,,0,,,,
the,,0,,,,
stitch,,0,1,,,
in,,0,,,,
her,,0,,,,
"chest,",,0,1,,,
"""I",,0,,,,
--,,0,,,,
told,,0,,,,
--,,0,,,,
"you.""",,0,,,,
,,0,,,,
"""We've",,0,,,,
got,,0,,,,
to,,0,,,,
get,,0,,,,
back,,0,,,,
to,,0,,,,
Gryffindor,,0,1,,,
"Tower,""",,0,1,,,
said,,0,,,,
"Ron,",,0,1,,,
"""quickly",,0,,,,
as,,0,,,,
"possible.""",,0,,,,
,,0,,,,
"""Malfoy",,0,1,,,
tricked,,0,,,,
"you,""",,0,,,,
Hermione,,0,1,,,
said,,0,,,,
to,,0,,,,
Harry.,,0,1,,,
"""You",,0,,,,
realize,,0,,,,
"that,",,0,,,,
don't,,0,,,,
you?,,0,,,,
He,,0,,,,
was,,0,,,,
never,,0,,,,
going,,0,,,,
to,,0,,,,
meet,,0,,,,
you,,0,,,,
--,,0,,,,
Filch,,0,1,,,
knew,,0,,,,
someone,,0,,,,
was,,0,,,,
going,,0,,,,
to,,0,,,,
be,,0,,,,
in,,0,,,,
the,,0,,,,
trophy,,0,1,,,
"room,",,0,1,,,
Malfoy,,0,1,,,
must,,0,,,,
have,,0,,,,
tipped,,0,,,,
him,,0,,,,
"off.""",,0,,,,
,,0,,,,
Harry,,0,1,,,
thought,,0,,,,
she,,0,,,,
was,,0,,,,
probably,,0,,,,
"right,",,0,,,,
but,,0,,,,
he,,0,,,,
wasn't,,0,,,,
going,,0,,,,
to,,0,,,,
tell,,0,,,,
her,,0,,,,
that.,,0,,,,
,,0,,,,
"""Let's",,0,,,,
"go.""",,0,,,,
,,0,,,,
It,,0,,,,
wasn't,,0,,,,
going,,0,,,,
to,,0,,,,
be,,0,,,,
that,,0,,,,
simple.,,0,,,,
They,,0,,,,
hadn't,,0,,,,
gone,,0,,,,
more,,0,,,,
than,,0,,,,
a,,0,,,,
dozen,,0,,,,
paces,,0,,,,
when,,0,,,,
a,,0,,,,
doorknob,,0,1,,,
rattled,,0,,,,
and,,0,,,,
something,,0,,,,
came,,0,,,,
shooting,,0,,,,
out,,0,,,,
of,,0,,,,
a,,0,,,,
classroom,,0,1,,,
in,,0,,,,
front,,0,,,,
of,,0,,,,
them.,,0,,,,
,,0,,,,
It,,0,,,,
was,,0,,,,
Peeves.,,0,1,,,
He,,1,,,,
caught,,1,,,,
sight,,1,,,,
of,,1,,,,
them,,1,,,,
and,,0,,,,
gave,,0,,,,
a,,0,,,,
squeal,,1,,,,
of,,1,,,,
delight.,1,1,,,,
,,0,,,,
"""Shut",,0,,,,
"up,",,0,,,,
Peeves,,0,1,,,
--,,0,,,,
please,,0,,,,
--,,0,,,,
you'll,,0,,,,
get,,0,,,,
us,,0,,,,
thrown,,0,,,,
"out.""",,0,,,,
,,0,,,,
Peeves,,0,1,,,
cackled.,,0,,,,
,,0,,,,
"""Wandering",,0,,,,
around,,0,,,,
at,,0,,,,
"midnight,",,0,,,,
Ickle,,0,,,,
Firsties?,,0,1,,,
"Tut,",,0,,,,
"tut,",,0,,,,
tut.,,0,,,,
"Naughty,",,0,,,,
"naughty,",,0,,,,
you'll,,0,,,,
get,,0,,,,
"caughty.""",,0,,,,
,,0,,,,
"""Not",,0,,,,
if,,0,,,,
you,,0,,,,
don't,,0,,,,
give,,0,,,,
us,,0,,,,
"away,",,0,,,,
"Peeves,",,0,1,,,
"please.""",,0,,,,
,,0,,,,
"""Should",,0,,,,
tell,,0,,,,
"Filch,",,0,1,,,
I,,0,,,,
"should,""",,0,,,,
said,,0,,,,
Peeves,,0,1,,,
in,,0,,,,
a,,0,,,,
saintly,,0,,,,
"voice,",,0,,,,
but,,0,,,,
his,,0,,,,
eyes,,0,,,,
glittered,,0,,,,
wickedly.,1,0,,,,
"""It's",,0,,,,
for,,0,,,,
your,,0,,,,
own,,0,,,,
"good,",,0,,,,
you,,0,,,,
"know.""",,0,,,,
,,0,,,,
"""Get",,0,,,,
out,,0,,,,
of,,0,,,,
the,,0,,,,
"way,""",,0,,,,
snapped,1,0,,,,
"Ron,",,0,1,,,
taking,,0,,,,
a,,0,,,,
swipe,,0,,,,
at,,0,,,,
Peeves,,0,1,,,
--,,0,,,,
this,,0,,,,
was,,0,,,,
a,,0,,,,
big,,0,,,,
mistake.,,0,,,,
,,0,,,,
"""STUDENTS",,0,1,,,
OUT,,0,,,,
OF,,0,,,,
"BED!""",,0,1,,,
Peeves,,0,1,,,
"bellowed,",,0,,,,
"""STUDENTS",,0,1,,,
OUT,,0,,,,
OF,,0,,,,
BED,,0,1,,,
DOWN,,0,,,,
THE,,0,,,,
CHARMS,,0,1,,,
"CORRIDOR!""",,0,1,,,
,,0,,,,
Ducking,,0,,,,
under,,0,,,,
"Peeves,",,0,1,,,
they,,0,,,,
ran,,0,,,,
for,,0,,,,
their,,0,,,,
"lives,",,0,,,,
right,,0,,,,
to,,0,,,,
the,,0,,,,
end,,0,,,,
of,,0,,,,
the,,0,,,,
corridor,,0,1,,,
where,,0,,,,
they,,0,,,,
slammed,,0,,,,
into,,0,,,,
a,,0,,,,
door,,0,1,,,
--,,0,,,,
and,,0,,,,
it,,0,,,,
was,,0,,,,
locked.,,0,,,,
,,0,,,,
"""This",,0,,,,
is,,0,,,,
"it!""",,0,,,,
Ron,,0,1,,,
"moaned,",,0,,,,
as,,0,,,,
they,,0,,,,
pushed,,0,,,,
helplessly,1,0,,,,
at,,0,,,,
the,,0,,,,
"door,",,0,1,,,
"""We're",,0,,,,
done,,0,,,,
for!,,0,,,,
This,,0,,,,
is,,0,,,,
the,,0,,,,
"end!""",,0,,,,
,,0,,,,
They,,0,,,,
could,,0,,,,
hear,,0,,,,
"footsteps,",,0,,,,
Filch,,0,1,,,
running,,0,,,,
as,,0,,,,
fast,,0,,,,
as,,0,,,,
he,,0,,,,
could,,0,,,,
toward,,0,,,,
Peeves's,,0,1,,,
shouts.,,0,,,,
,,0,,,,
"""Oh,",,0,,,,
move,,0,,,,
"over,""",,0,,,,
Hermione,,0,1,,,
snarled.,1,0,,,,
She,,0,,,,
grabbed,,0,,,,
Harry's,,0,1,,,
"wand,",,0,1,,,
tapped,,0,,,,
the,,0,,,,
"lock,",,0,1,,,
and,,0,,,,
"whispered,",,0,,,,
"""Alohomora!""",,0,,,,
,,0,,,,
The,,0,,,,
lock,,0,1,,,
clicked,,0,,,,
and,,0,,,,
the,,0,,,,
door,,0,1,,,
swung,,0,,,,
open,,0,,,,
--,,0,,,,
they,,0,,,,
piled,,0,,,,
through,,0,,,,
"it,",,0,,,,
shut,,0,,,,
it,,0,,,,
"quickly,",,0,,,,
and,,0,,,,
pressed,,0,,,,
their,,0,,,,
ears,,0,1,,,
against,,0,,,,
"it,",,0,,,,
listening.,,0,,,,
,,0,,,,
"""Which",,0,,,,
way,,0,,,,
did,,0,,,,
they,,0,,,,
"go,",,0,,,,
"Peeves?""",,0,1,,,
Filch,,0,1,,,
was,,0,,,,
saying.,,0,,,,
"""Quick,",,0,,,,
tell,,0,,,,
"me.""",,0,,,,
"""Say",,0,,,,
"please.'""",,0,,,,
,,0,,,,
"""Don't",,0,,,,
mess,,0,,,,
with,,0,,,,
"me,",,0,,,,
"Peeves,",,0,1,,,
now,,0,,,,
where,,0,,,,
did,,0,,,,
they,,0,,,,
"go?""",,0,,,,
"""Shan't",,0,,,,
say,,0,,,,
nothing,,0,,,,
if,,0,,,,
you,,0,,,,
don't,,0,,,,
say,,0,,,,
"please,""",,0,,,,
said,,0,,,,
Peeves,,0,1,,,
in,,0,,,,
his,,0,,,,
annoying,,0,,,,
singsong,,0,,,,
voice.,,0,,,,
"""All",,0,,,,
right,,0,,,,
--,,0,,,,
"please.""",,0,1,,,
,,0,,,,
"""NOTHING!",,0,,,,
Ha,,0,,,,
haaa!,,0,,,,
Told,,0,,,,
you,,0,,,,
I,,0,,,,
wouldn't,,0,,,,
say,,0,,,,
nothing,,0,,,,
if,,0,,,,
you,,0,,,,
didn't,,0,,,,
say,,0,,,,
please!,,0,,,,
Ha,,0,,,,
ha!,,0,,,,
"Haaaaaa!""",,0,,,,
And,,0,,,,
they,,0,,,,
heard,,0,,,,
the,,0,,,,
sound,,0,,,,
of,,0,,,,
Peeves,,0,1,,,
whooshing,,0,,,,
away,,0,,,,
and,,0,,,,
Filch,,0,1,,,
cursing,1,0,,,,
in,,0,,,,
rage.,1,0,,,,
,,0,,,,
"""He",,0,,,,
thinks,,0,,,,
this,,0,,,,
door,,0,1,,,
is,,0,,,,
"locked,""",,0,,,,
Harry,,0,1,,,
whispered.,,0,,,,
"""I",,0,,,,
think,,0,,,,
we'll,,0,,,,
be,,0,,,,
okay,,0,,,,
--,,0,,,,
get,,0,,,,
"off,",,0,,,,
"Neville!""",,0,1,,,
For,,0,,,,
Neville,,0,1,,,
had,,0,,,,
been,,0,,,,
tugging,,0,,,,
on,,0,,,,
the,,0,,,,
sleeve,,0,1,,,
of,,0,,,,
Harry's,,0,1,,,
bathrobe,,0,1,,,
for,,0,,,,
the,,0,,,,
last,,0,,,,
minute.,,0,,,,
"""What?""",,0,,,,
,,0,,,,
Harry,,0,1,,,
turned,,0,,,,
around,,0,,,,
--,,0,,,,
and,,0,,,,
"saw,",,0,,,,
quite,,0,,,,
"clearly,",,0,,,,
what.,,0,,,,
For,,0,,,,
a,,0,,,,
"moment,",,0,,,,
he,,0,,,,
was,,0,,,,
sure,,0,,,,
he'd,,0,,,,
walked,,1,,,,
into,,1,,,,
a,,1,,,,
nightmare,,1,,,,
--,,0,,,,
this,,0,,,,
was,,0,,,,
too,,0,,,,
"much,",,0,,,,
on,,0,,,,
top,,0,,,,
of,,0,,,,
everything,,0,,,,
that,,0,,,,
had,,0,,,,
happened,,0,,,,
so,,0,,,,
far.,,0,,,,
,,0,,,,
They,,0,,,,
weren't,,0,,,,
in,,0,,,,
a,,0,,,,
"room,",,0,1,,,
as,,0,,,,
he,,0,,,,
had,,0,,,,
supposed.,,0,,,,
They,,0,,,,
were,,0,,,,
in,,0,,,,
a,,0,,,,
corridor.,,0,1,,,
The,,0,,,,
forbidden,,0,,,,
corridor,,0,1,,,
on,,0,,,,
the,,0,,,,
third,,0,,,,
floor.,,0,1,,,
And,,0,,,,
now,,0,,,,
they,,0,,,,
knew,,0,,,,
why,,0,,,,
it,,0,,,,
was,,0,,,,
forbidden.,,0,,,,
,,0,,,,
They,,0,,,,
were,,0,,,,
looking,,0,,,,
straight,,0,,,,
into,,0,,,,
the,,0,,,,
eyes,,0,1,,,
of,,0,,,,
a,,0,,,,
monstrous,,0,,,,
"dog,",,0,1,,,
a,,0,,,,
dog,,0,1,,,
that,,0,,,,
filled,,0,,,,
the,,0,,,,
whole,,0,,,,
space,,0,,,,
between,,0,,,,
ceiling,,0,1,,,
and,,0,,,,
floor.,,0,1,,,
It,,0,,,,
had,,0,,,,
three,,0,,,,
heads.,,0,1,,,
Three,,0,,,,
pairs,,0,,,,
of,,0,,,,
"rolling,",,0,,,,
mad,1,0,,,,
eyes;,,0,1,,,
three,,0,,,,
"noses,",,0,1,,,
twitching,,0,,,,
and,,0,,,,
quivering,,0,,,,
in,,0,,,,
their,,0,,,,
direction;,,0,,,,
three,,0,,,,
drooling,,0,,,,
"mouths,",,0,1,,,
saliva,,1,1,,,
hanging,,1,,,,
in,,1,,,,
slippery,,1,,,,
ropes,,1,,,,
from,,0,,,,
yellowish,,0,,,,
fangs.,,0,1,,,
,,0,,,,
It,,0,,,,
was,,0,,,,
standing,,0,,,,
quite,,0,,,,
"still,",,0,,,,
all,,0,,,,
six,,0,,,,
eyes,,0,1,,,
staring,,0,,,,
at,,0,,,,
"them,",,0,,,,
and,,0,,,,
Harry,,0,1,,,
knew,,0,,,,
that,,0,,,,
the,,0,,,,
only,,0,,,,
reason,,0,,,,
they,,0,,,,
weren't,,0,,,,
already,,0,,,,
dead,,0,,,,
was,,0,,,,
that,,0,,,,
their,,0,,,,
sudden,,0,,,,
appearance,,0,,,,
had,,0,,,,
taken,,1,,,,
it,,1,,,,
by,,1,,,,
"surprise,",1,1,,,,
but,,0,,,,
it,,0,,,,
was,,0,,,,
quickly,,0,,,,
getting,,0,,,,
over,,0,,,,
"that,",,0,,,,
there,,0,,,,
was,,0,,,,
no,,0,,,,
mistaking,,0,,,,
what,,0,,,,
those,,0,,,,
thunderous,,0,,,,
growls,,0,,,,
meant.,,0,,,,
,,0,,,,
Harry,,0,1,,,
groped,,0,,,,
for,,0,,,,
the,,0,,,,
doorknob,,0,1,,,
--,,0,,,,
between,,0,,,,
Filch,,0,1,,,
and,,0,,,,
"death,",,0,,,,
he'd,,0,,,,
take,,0,,,,
Filch.,,0,1,,,
,,0,,,,
They,,0,,,,
fell,,0,,,,
backward,,0,,,,
--,,0,,,,
Harry,,0,1,,,
slammed,,0,,,,
the,,0,,,,
door,,0,1,,,
"shut,",,0,,,,
and,,0,,,,
they,,0,,,,
"ran,",,0,,,,
they,,0,,,,
almost,,0,,,,
"flew,",,0,,,,
back,,0,,,,
down,,0,,,,
the,,0,,,,
corridor.,,0,1,,,
Filch,,0,1,,,
must,,0,,,,
have,,0,,,,
hurried,,0,,,,
off,,0,,,,
to,,0,,,,
look,,0,,,,
for,,0,,,,
them,,0,,,,
somewhere,,0,,,,
"else,",,0,,,,
because,,0,,,,
they,,0,,,,
didn't,,0,,,,
see,,0,,,,
him,,0,,,,
"anywhere,",,0,,,,
but,,0,,,,
they,,0,,,,
hardly,,0,,,,
cared,,0,,,,
--,,0,,,,
all,,0,,,,
they,,0,,,,
wanted,,0,,,,
to,,0,,,,
do,,0,,,,
was,,1,,,,
put,,1,,,,
as,,1,,,,
much,,1,,,,
space,,1,,,,
as,,1,,,,
possible,,1,,,,
between,,1,,,,
them,,1,,,,
and,,1,,,,
that,,1,,,,
monster.,,1,1,,,
They,,0,,,,
didn't,,0,,,,
stop,,0,,,,
running,,0,,,,
until,,0,,,,
they,,0,,,,
reached,,0,,,,
the,,0,,,,
portrait,,0,1,,,
of,,0,,,,
the,,0,,,,
Fat,,0,1,,,
Lady,,0,1,,,
on,,0,,,,
the,,0,,,,
seventh,,0,,,,
floor.,,0,1,,,
,,0,,,,
"""Where",,0,,,,
on,,0,,,,
earth,,0,,,,
have,,0,,,,
you,,0,,,,
all,,0,,,,
"been?""",,0,,,,
she,,0,,,,
"asked,",,0,,,,
looking,,0,,,,
at,,0,,,,
their,,0,,,,
bathrobes,,0,1,,,
hanging,,0,,,,
off,,0,,,,
their,,0,,,,
shoulders,,0,1,,,
and,,0,,,,
their,,0,,,,
"flushed,",1,0,,,,
sweaty,,0,,,,
faces.,,0,1,,,
,,0,,,,
"""Never",,0,,,,
mind,,0,,,,
that,,0,,,,
--,,0,,,,
pig,,0,1,,,
"snout,",,0,1,,,
pig,,0,1,,,
"snout,""",,0,1,,,
panted,,0,,,,
"Harry,",,0,1,,,
and,,0,,,,
the,,0,,,,
portrait,,0,1,,,
swung,,0,,,,
forward.,,0,,,,
They,,0,,,,
scrambled,,0,,,,
into,,0,,,,
the,,0,,,,
common,,0,,,,
room,,0,1,,,
and,,0,,,,
"collapsed,",,1,,,,
"trembling,",1,0,,,,
into,,0,,,,
armchairs.,,0,1,,,
,,0,,,,
It,,0,,,,
was,,0,,,,
a,,0,,,,
while,,0,,,,
before,,0,,,,
any,,0,,,,
of,,0,,,,
them,,0,,,,
said,,0,,,,
anything.,,0,,,,
"Neville,",,0,1,,,
"indeed,",,0,,,,
looked,,1,,,,
as,,1,,,,
if,,1,,,,
he'd,,1,,,,
never,,1,,,,
speak,,1,,,,
again.,,1,,,,
,,0,,,,
"""What",,0,,,,
do,,0,,,,
they,,0,,,,
think,,0,,,,
they're,,0,,,,
"doing,",,0,,,,
keeping,,0,,,,
a,,0,,,,
thing,,0,1,,,
like,,0,,,,
that,,0,,,,
locked,,0,,,,
up,,0,,,,
in,,0,,,,
a,,0,,,,
"school?""",,0,1,,,
said,,0,,,,
Ron,,0,1,,,
finally.,,0,,,,
"""If",,0,,,,
any,,0,,,,
dog,,0,1,,,
needs,,0,,,,
"exercise,",,0,,,,
that,,0,,,,
one,,0,,,,
"does.""",,0,,,,
,,0,,,,
Hermione,,0,1,,,
had,,0,,,,
got,,0,,,,
both,,0,,,,
her,,0,,,,
breath,,0,,,,
and,,0,,,,
her,,0,,,,
bad,,0,,,,
temper,1,0,,,,
back,,0,,,,
again.,,0,,,,
,,0,,,,
"""You",,0,,,,
don't,,0,,,,
use,,1,,,,
your,,1,,,,
"eyes,",,1,1,,,
any,,0,,,,
of,,0,,,,
"you,",,0,,,,
do,,0,,,,
"you?""",,0,,,,
she,,0,,,,
snapped.,1,1,,,,
"""Didn't",,0,,,,
you,,0,,,,
see,,0,,,,
what,,0,,,,
it,,0,,,,
was,,0,,,,
standing,,0,,,,
"on?""",,0,,,,
,,0,,,,
"""The",,0,,,,
"floor?""",,0,1,,,
Harry,,0,1,,,
suggested.,,0,,,,
"""I",,0,,,,
wasn't,,0,,,,
looking,,0,,,,
at,,0,,,,
its,,0,,,,
"feet,",,0,1,,,
I,,0,,,,
was,,0,,,,
too,,0,,,,
busy,,0,,,,
with,,0,,,,
its,,0,,,,
"heads.""",,0,1,,,
,,0,,,,
"""No,",,0,,,,
not,,0,,,,
the,,0,,,,
floor.,,0,1,,,
It,,0,,,,
was,,0,,,,
standing,,0,,,,
on,,0,,,,
a,,0,,,,
trapdoor.,,0,1,,,
It's,,0,,,,
obviously,,0,,,,
guarding,,0,,,,
"something.""",,0,,,,
,,0,,,,
She,,0,,,,
stood,,0,,,,
"up,",,0,,,,
glaring,,0,,,,
at,,0,,,,
them.,,0,,,,
,,0,,,,
"""I",,0,,,,
hope,,0,,,,
you're,,0,,,,
pleased,1,0,,,,
with,,0,,,,
yourselves.,,0,,,,
We,,0,,,,
could,,0,,,,
all,,0,,,,
have,,0,,,,
been,,0,,,,
killed,,0,,,,
--,,0,,,,
or,,0,,,,
"worse,",,0,,,,
expelled.,,0,,,,
"Now,",,0,,,,
if,,0,,,,
you,,0,,,,
don't,,0,,,,
"mind,",,0,,,,
I'm,,0,,,,
going,,0,,,,
to,,0,,,,
"bed.""",,0,1,,,
,,0,,,,
Ron,,0,1,,,
stared,,0,,,,
after,,0,,,,
"her,",,0,,,,
his,,0,,,,
mouth,,0,1,,,
open.,,0,,,,
"""No,",,0,,,,
we,,0,,,,
don't,,0,,,,
"mind,""",,0,,,,
he,,0,,,,
said.,,0,,,,
"""You'd",,0,,,,
think,,0,,,,
we,,0,,,,
dragged,,0,,,,
her,,0,,,,
"along,",,0,,,,
wouldn't,,0,,,,
"you?""",,0,,,,
,,0,,,,
But,,0,,,,
Hermione,,0,1,,,
had,,0,,,,
given,,0,,,,
Harry,,0,1,,,
something,,0,,,,
else,,0,,,,
to,,0,,,,
think,,0,,,,
about,,0,,,,
as,,0,,,,
he,,0,,,,
climbed,,0,,,,
back,,0,,,,
into,,0,,,,
bed.,,0,1,,,
The,,0,,,,
dog,,0,1,,,
was,,0,,,,
guarding,,0,,,,
something.,,0,,,,
.,,0,,,,
.,,0,,,,
.,,0,,,,
What,,0,,,,
had,,0,,,,
Hagrid,,0,1,,,
said?,,0,,,,
Gringotts,,0,1,,,
was,,0,,,,
the,,0,,,,
safest,,0,,,,
place,,0,1,,,
in,,0,,,,
the,,0,,,,
world,,0,1,,,
for,,0,,,,
something,,0,,,,
you,,0,,,,
wanted,,0,,,,
to,,0,,,,
hide,,0,,,,
--,,0,,,,
except,,0,,,,
perhaps,,0,,,,
Hogwarts.,,0,1,,,
,,0,,,,
It,,0,,,,
looked,,0,,,,
as,,0,,,,
though,,0,,,,
Harry,,0,1,,,
had,,0,,,,
found,,0,,,,
out,,0,,,,
where,,0,,,,
the,,0,,,,
grubby,,0,,,,
little,,0,,,,
package,,0,1,,,
from,,0,,,,
vault,,0,1,,,
seven,,0,,,,
hundred,,0,,,,
and,,0,,,,
thirteen,,0,,,,
was.,,0,,,,
,,0,,,,